hour,price
2023-01-01 00:00:00,53.528104691935326
2023-01-01 01:00:00,53.58546083914128
2023-01-01 02:00:00,57.3511264361436
2023-01-01 03:00:00,62.14267659078493
2023-01-01 04:00:00,63.18058134902519
2023-01-01 05:00:00,58.68426053895243
2023-01-01 06:00:00,63.072781504832754
2023-01-01 07:00:00,60.720639071807895
2023-01-01 08:00:00,60.0075922063118
2023-01-01 09:00:00,59.63366012551806
2023-01-01 10:00:00,57.214792264153736
2023-01-01 11:00:00,57.60619758654986
2023-01-01 12:00:00,53.81149414588178
2023-01-01 13:00:00,50.12150272332577
2023-01-01 14:00:00,48.52772646549085
2023-01-01 15:00:00,46.40644122545975
2023-01-01 16:00:00,47.304504398788936
2023-01-01 17:00:00,43.06952613744523
2023-01-01 18:00:00,43.92358441259547
2023-01-01 19:00:00,42.08398731489646
2023-01-01 20:00:00,39.834630019342065
2023-01-01 21:00:00,47.98170328494798
2023-01-01 22:00:00,50.61413175686813
2023-01-01 23:00:00,49.94733812388916
2023-01-02 00:00:00,58.68866666031537
2023-01-02 01:00:00,53.952448000661015
2023-01-02 02:00:00,59.48271090618287
2023-01-02 03:00:00,61.20032110795523
2023-01-02 04:00:00,66.3359394854835
2023-01-02 05:00:00,67.3085527702143
2023-01-02 06:00:00,65.11473919090592
2023-01-02 07:00:00,65.3083945814449
2023-01-02 08:00:00,61.85905128580519
2023-01-02 09:00:00,58.15889152695945
2023-01-02 10:00:00,59.42203973027841
2023-01-02 11:00:00,58.08051752067852
2023-01-02 12:00:00,57.695220922364555
2023-01-02 13:00:00,55.099401612710054
2023-01-02 14:00:00,49.54950049630974
2023-01-02 15:00:00,47.68288773645007
2023-01-02 16:00:00,44.62865901792733
2023-01-02 17:00:00,42.90720938669335
2023-01-02 18:00:00,42.00745961874998
2023-01-02 19:00:00,49.66879605151489
2023-01-02 20:00:00,45.74646058455821
2023-01-02 21:00:00,47.47134463437836
2023-01-02 22:00:00,47.89856341102578
2023-01-02 23:00:00,54.34962262680505
2023-01-03 00:00:00,52.12684386579321
2023-01-03 01:00:00,57.482339022042616
2023-01-03 02:00:00,58.48693090654336
2023-01-03 03:00:00,63.07428945912583
2023-01-03 04:00:00,62.81301250592766
2023-01-03 05:00:00,62.41080517399573
2023-01-03 06:00:00,64.98847988283478
2023-01-03 07:00:00,105.48649897147457
2023-01-03 08:00:00,63.68341550153292
2023-01-03 09:00:00,62.47963260348646
2023-01-03 10:00:00,58.442549684218044
2023-01-03 11:00:00,56.47569701788428
2023-01-03 12:00:00,53.16423651678825
2023-01-03 13:00:00,51.09256184162097
2023-01-03 14:00:00,47.65896679506022
2023-01-03 15:00:00,43.64190088940392
2023-01-03 16:00:00,45.735461935517726
2023-01-03 17:00:00,43.4486169210834
2023-01-03 18:00:00,40.517052315361575
2023-01-03 19:00:00,44.90540717602837
2023-01-03 20:00:00,43.02174952370724
2023-01-03 21:00:00,46.382983362303484
2023-01-03 22:00:00,49.65818112435507
2023-01-03 23:00:00,50.71611851185492
2023-01-04 00:00:00,55.168220064674394
2023-01-04 01:00:00,52.84799893191661
2023-01-04 02:00:00,58.37138840418707
2023-01-04 03:00:00,58.102842939760684
2023-01-04 04:00:00,59.15243561153514
2023-01-04 05:00:00,60.56565415887446
2023-01-04 06:00:00,61.26949960552683
2023-01-04 07:00:00,61.49114698316475
2023-01-04 08:00:00,57.87516568715854
2023-01-04 09:00:00,60.242543166290396
2023-01-04 10:00:00,57.12497534739304
2023-01-04 11:00:00,50.53265904985239
2023-01-04 12:00:00,53.8165043875912
2023-01-04 13:00:00,51.86663192965433
2023-01-04 14:00:00,47.84390867438718
2023-01-04 15:00:00,42.87926013599329
2023-01-04 16:00:00,39.333029388253664
2023-01-04 17:00:00,42.41008715515702
2023-01-04 18:00:00,38.98104143627207
2023-01-04 19:00:00,42.40153665236156
2023-01-04 20:00:00,41.202520046254826
2023-01-04 21:00:00,44.16081495132612
2023-01-04 22:00:00,44.826027672516815
2023-01-04 23:00:00,47.77549576375998
2023-01-05 00:00:00,48.81158134585385
2023-01-05 01:00:00,54.793588297471565
2023-01-05 02:00:00,53.73382418540724
2023-01-05 03:00:00,56.2048861561782
2023-01-05 04:00:00,60.609955141638785
2023-01-05 05:00:00,55.004639212738276
2023-01-05 06:00:00,55.36158099373487
2023-01-05 07:00:00,59.3666146228161
2023-01-05 08:00:00,53.953143538761466
2023-01-05 09:00:00,58.47277627723132
2023-01-05 10:00:00,51.567502679331376
2023-01-05 11:00:00,48.37342221241643
2023-01-05 12:00:00,51.01672664062062
2023-01-05 13:00:00,47.439850233010304
2023-01-05 14:00:00,45.70392404927317
2023-01-05 15:00:00,41.61740050854388
2023-01-05 16:00:00,36.40716757312402
2023-01-05 17:00:00,40.87029467578434
2023-01-05 18:00:00,36.09914891858514
2023-01-05 19:00:00,38.512843249352215
2023-01-05 20:00:00,39.73988115448209
2023-01-05 21:00:00,39.069495350411025
2023-01-05 22:00:00,42.63029471176145
2023-01-05 23:00:00,45.6165937606625
2023-01-06 00:00:00,47.078211501402144
2023-01-06 01:00:00,46.686556503690376
2023-01-06 02:00:00,51.87232221728647
2023-01-06 03:00:00,55.98527855577332
2023-01-06 04:00:00,53.525099332475754
2023-01-06 05:00:00,55.61348565829335
2023-01-06 06:00:00,55.389692896556724
2023-01-06 07:00:00,79.63128219590737
2023-01-06 08:00:00,56.29882456596336
2023-01-06 09:00:00,54.20743043488149
2023-01-06 10:00:00,49.81601371998372
2023-01-06 11:00:00,50.063856467442406
2023-01-06 12:00:00,45.09669511777613
2023-01-06 13:00:00,43.97584153407815
2023-01-06 14:00:00,40.290443814311544
2023-01-06 15:00:00,40.91238212648569
2023-01-06 16:00:00,39.19855885216448
2023-01-06 17:00:00,36.71133294660344
2023-01-06 18:00:00,37.667169085811196
2023-01-06 19:00:00,35.12404175212525
2023-01-06 20:00:00,35.42710375782221
2023-01-06 21:00:00,40.984094594522176
2023-01-06 22:00:00,42.62215311916508
2023-01-06 23:00:00,46.08888352392566
2023-01-07 00:00:00,52.297132137387734
2023-01-07 01:00:00,52.13729080927877
2023-01-07 02:00:00,50.96909618996255
2023-01-07 03:00:00,57.239566482124445
2023-01-07 04:00:00,54.10757552796674
2023-01-07 05:00:00,56.96465199687066
2023-01-07 06:00:00,58.246067780057075
2023-01-07 07:00:00,61.6268427783219
2023-01-07 08:00:00,55.8741441034294
2023-01-07 09:00:00,54.28803035197076
2023-01-07 10:00:00,53.84309495114913
2023-01-07 11:00:00,50.474890736935684
2023-01-07 12:00:00,51.643853148625226
2023-01-07 13:00:00,44.82248641064924
2023-01-07 14:00:00,42.458357573345815
2023-01-07 15:00:00,41.99189678886983
2023-01-07 16:00:00,40.46990518871649
2023-01-07 17:00:00,44.51571061923068
2023-01-07 18:00:00,42.406236944069946
2023-01-07 19:00:00,41.216286184065126
2023-01-07 20:00:00,24.783663593614406
2023-01-07 21:00:00,45.70783576042108
2023-01-07 22:00:00,44.28591883728875
2023-01-07 23:00:00,45.805311384037935
2023-01-08 00:00:00,54.056059584704606
2023-01-08 01:00:00,55.099031646256535
2023-01-08 02:00:00,58.91536811549376
2023-01-08 03:00:00,59.978345498268055
2023-01-08 04:00:00,62.83912659253063
2023-01-08 05:00:00,61.016765112104956
2023-01-08 06:00:00,60.78411898621265
2023-01-08 07:00:00,64.06654252496654
2023-01-08 08:00:00,60.28721058155123
2023-01-08 09:00:00,59.11336356614091
2023-01-08 10:00:00,57.69564011479729
2023-01-08 11:00:00,56.41260889067403
2023-01-08 12:00:00,53.261430873080826
2023-01-08 13:00:00,48.80825010350407
2023-01-08 14:00:00,48.03276319433422
2023-01-08 15:00:00,42.97228626626236
2023-01-08 16:00:00,47.2468091545281
2023-01-08 17:00:00,41.955727353763336
2023-01-08 18:00:00,42.76868233043676
2023-01-08 19:00:00,45.57650895202186
2023-01-08 20:00:00,45.14148365822759
2023-01-08 21:00:00,51.44049528488073
2023-01-08 22:00:00,47.97954553970223
2023-01-08 23:00:00,53.64576990340042
2023-01-09 00:00:00,55.75059177588516
2023-01-09 01:00:00,56.20499235437615
2023-01-09 02:00:00,62.11774719264348
2023-01-09 03:00:00,62.9115961455624
2023-01-09 04:00:00,66.49396215919391
2023-01-09 05:00:00,67.6968435383412
2023-01-09 06:00:00,70.81131623807347
2023-01-09 07:00:00,68.90512544111334
2023-01-09 08:00:00,64.57625910518053
2023-01-09 09:00:00,63.321726108255454
2023-01-09 10:00:00,63.99718322070494
2023-01-09 11:00:00,60.758347043915755
2023-01-09 12:00:00,58.1949026131043
2023-01-09 13:00:00,51.14072982651956
2023-01-09 14:00:00,51.95550188232777
2023-01-09 15:00:00,48.49143141918937
2023-01-09 16:00:00,48.96561414614799
2023-01-09 17:00:00,47.2309444817654
2023-01-09 18:00:00,48.92035781618519
2023-01-09 19:00:00,48.081681691433914
2023-01-09 20:00:00,50.01842087227947
2023-01-09 21:00:00,49.09465504412885
2023-01-09 22:00:00,50.195261619289134
2023-01-09 23:00:00,53.65454252873613
2023-01-10 00:00:00,57.00059873318623
2023-01-10 01:00:00,60.34612305358071
2023-01-10 02:00:00,66.47648193031242
2023-01-10 03:00:00,63.89597016008602
2023-01-10 04:00:00,63.60273278007985
2023-01-10 05:00:00,65.76010599084178
2023-01-10 06:00:00,65.7976523902199
2023-01-10 07:00:00,67.27279817796067
2023-01-10 08:00:00,62.148787027877326
2023-01-10 09:00:00,63.68121279640756
2023-01-10 10:00:00,61.70420694751072
2023-01-10 11:00:00,59.34554142225911
2023-01-10 12:00:00,54.994525274409426
2023-01-10 13:00:00,53.01582470523004
2023-01-10 14:00:00,48.117137541184064
2023-01-10 15:00:00,47.787826327342884
2023-01-10 16:00:00,45.97488669897678
2023-01-10 17:00:00,46.76427888602277
2023-01-10 18:00:00,43.14508414564985
2023-01-10 19:00:00,47.22223886839681
2023-01-10 20:00:00,49.50531534145646
2023-01-10 21:00:00,43.81912252068414
2023-01-10 22:00:00,50.7325174615562
2023-01-10 23:00:00,53.49196876040059
2023-01-11 00:00:00,53.29454464448334
2023-01-11 01:00:00,56.20310694396632
2023-01-11 02:00:00,58.98094396665806
2023-01-11 03:00:00,60.556881362837856
2023-01-11 04:00:00,61.95600397180466
2023-01-11 05:00:00,60.05134587574334
2023-01-11 06:00:00,65.87726779934782
2023-01-11 07:00:00,65.2180534827789
2023-01-11 08:00:00,60.25873685031685
2023-01-11 09:00:00,57.18804153677699
2023-01-11 10:00:00,58.91578022083764
2023-01-11 11:00:00,54.133570482780705
2023-01-11 12:00:00,52.80390632664156
2023-01-11 13:00:00,49.11619674330298
2023-01-11 14:00:00,88.54942703420825
2023-01-11 15:00:00,46.30860809493
2023-01-11 16:00:00,41.703339874347584
2023-01-11 17:00:00,39.21445579050464
2023-01-11 18:00:00,38.30151853554827
2023-01-11 19:00:00,42.85740526981112
2023-01-11 20:00:00,40.08825157453305
2023-01-11 21:00:00,42.87390416976131
2023-01-11 22:00:00,44.600666801266996
2023-01-11 23:00:00,47.937214834836986
2023-01-12 00:00:00,46.5980216927192
2023-01-12 01:00:00,53.27940450324755
2023-01-12 02:00:00,56.20778204766841
2023-01-12 03:00:00,57.25775160337812
2023-01-12 04:00:00,57.901881404129334
2023-01-12 05:00:00,59.57495766756074
2023-01-12 06:00:00,60.3806436819866
2023-01-12 07:00:00,53.562635693646776
2023-01-12 08:00:00,81.89121496549117
2023-01-12 09:00:00,57.04572055130859
2023-01-12 10:00:00,52.769923476076826
2023-01-12 11:00:00,50.766425084922744
2023-01-12 12:00:00,49.83832614235823
2023-01-12 13:00:00,45.92661277207272
2023-01-12 14:00:00,39.58743719285704
2023-01-12 15:00:00,65.61429691471176
2023-01-12 16:00:00,39.58853762876848
2023-01-12 17:00:00,40.77051019301787
2023-01-12 18:00:00,36.93105596491912
2023-01-12 19:00:00,41.66068456625102
2023-01-12 20:00:00,40.098064596719155
2023-01-12 21:00:00,42.27720320554359
2023-01-12 22:00:00,80.99162923877537
2023-01-12 23:00:00,47.87447099689484
2023-01-13 00:00:00,49.38499676816046
2023-01-13 01:00:00,53.16905054398876
2023-01-13 02:00:00,51.6996707495912
2023-01-13 03:00:00,54.050452525477695
2023-01-13 04:00:00,61.20206844730637
2023-01-13 05:00:00,55.4727230935056
2023-01-13 06:00:00,57.668100598643356
2023-01-13 07:00:00,59.88653746415409
2023-01-13 08:00:00,56.8296849873682
2023-01-13 09:00:00,56.238414121905855
2023-01-13 10:00:00,52.2369478103486
2023-01-13 11:00:00,51.40546986055381
2023-01-13 12:00:00,45.51230673562025
2023-01-13 13:00:00,48.90844177676583
2023-01-13 14:00:00,43.00580788081216
2023-01-13 15:00:00,39.87915912859899
2023-01-13 16:00:00,41.05814338299842
2023-01-13 17:00:00,37.88649088298233
2023-01-13 18:00:00,35.8866387176824
2023-01-13 19:00:00,36.29672975799115
2023-01-13 20:00:00,41.47716524861368
2023-01-13 21:00:00,41.46616431570057
2023-01-13 22:00:00,43.701403009083144
2023-01-13 23:00:00,33.65430826209397
2023-01-14 00:00:00,66.95719097014636
2023-01-14 01:00:00,50.46697632956829
2023-01-14 02:00:00,53.70498102248832
2023-01-14 03:00:00,56.874237084566886
2023-01-14 04:00:00,58.33504744640862
2023-01-14 05:00:00,58.99404682172026
2023-01-14 06:00:00,59.93929818651504
2023-01-14 07:00:00,59.66554678244082
2023-01-14 08:00:00,57.60444497042269
2023-01-14 09:00:00,55.994921452180634
2023-01-14 10:00:00,56.26903271544788
2023-01-14 11:00:00,51.700017143668845
2023-01-14 12:00:00,48.7558707860305
2023-01-14 13:00:00,48.0377649251247
2023-01-14 14:00:00,46.117960845840386
2023-01-14 15:00:00,49.06098387295512
2023-01-14 16:00:00,41.73656953838863
2023-01-14 17:00:00,44.2231679615357
2023-01-14 18:00:00,43.68177199862769
2023-01-14 19:00:00,40.343293790887266
2023-01-14 20:00:00,30.46104058607994
2023-01-14 21:00:00,43.33134852723134
2023-01-14 22:00:00,42.64800505607438
2023-01-14 23:00:00,51.78749262631192
2023-01-15 00:00:00,49.84821883312456
2023-01-15 01:00:00,42.04701534601866
2023-01-15 02:00:00,57.38562867245769
2023-01-15 03:00:00,64.33999178476175
2023-01-15 04:00:00,64.94248416735726
2023-01-15 05:00:00,63.09204469100248
2023-01-15 06:00:00,63.15692944772421
2023-01-15 07:00:00,61.95519868221505
2023-01-15 08:00:00,62.69218464531373
2023-01-15 09:00:00,61.6117521312723
2023-01-15 10:00:00,59.55731803304861
2023-01-15 11:00:00,58.371058283168644
2023-01-15 12:00:00,56.80646169104555
2023-01-15 13:00:00,53.93746160432646
2023-01-15 14:00:00,49.471712152187116
2023-01-15 15:00:00,46.22350962310806
2023-01-15 16:00:00,50.40540994867867
2023-01-15 17:00:00,45.460944295876956
2023-01-15 18:00:00,45.35286180942363
2023-01-15 19:00:00,46.10980016889769
2023-01-15 20:00:00,44.61447055069692
2023-01-15 21:00:00,49.07851808598629
2023-01-15 22:00:00,51.28594773113323
2023-01-15 23:00:00,56.03238476138907
2023-01-16 00:00:00,58.906071710554826
2023-01-16 01:00:00,60.22872112803108
2023-01-16 02:00:00,64.61489061980858
2023-01-16 03:00:00,65.61461877560942
2023-01-16 04:00:00,66.59901683356145
2023-01-16 05:00:00,68.05169156701018
2023-01-16 06:00:00,67.78353735234928
2023-01-16 07:00:00,67.12237051417365
2023-01-16 08:00:00,66.45915570727749
2023-01-16 09:00:00,63.224461800467296
2023-01-16 10:00:00,64.03874743956331
2023-01-16 11:00:00,59.1415723606114
2023-01-16 12:00:00,60.27790208905639
2023-01-16 13:00:00,55.55572475481934
2023-01-16 14:00:00,53.78314409442583
2023-01-16 15:00:00,52.63516679016266
2023-01-16 16:00:00,51.372393878187374
2023-01-16 17:00:00,45.96599844378441
2023-01-16 18:00:00,48.36619264767206
2023-01-16 19:00:00,50.887603085212874
2023-01-16 20:00:00,46.72955330919701
2023-01-16 21:00:00,52.48205418839086
2023-01-16 22:00:00,49.25302567232126
2023-01-16 23:00:00,54.10962822787002
2023-01-17 00:00:00,58.7919006645895
2023-01-17 01:00:00,57.954389377826644
2023-01-17 02:00:00,61.666842553562404
2023-01-17 03:00:00,62.71681444848014
2023-01-17 04:00:00,70.49089264548053
2023-01-17 05:00:00,68.46052505321522
2023-01-17 06:00:00,69.53942489521744
2023-01-17 07:00:00,67.54448502938342
2023-01-17 08:00:00,66.20351755925218
2023-01-17 09:00:00,62.00174043070483
2023-01-17 10:00:00,62.487519146084246
2023-01-17 11:00:00,59.038194926235306
2023-01-17 12:00:00,59.585005260924824
2023-01-17 13:00:00,57.453871898017205
2023-01-17 14:00:00,55.57841679029748
2023-01-17 15:00:00,52.159569972989736
2023-01-17 16:00:00,47.543301777164245
2023-01-17 17:00:00,45.380384821579135
2023-01-17 18:00:00,48.67077537258384
2023-01-17 19:00:00,48.0524282999214
2023-01-17 20:00:00,44.65926935111966
2023-01-17 21:00:00,50.35005615619875
2023-01-17 22:00:00,53.18903964497573
2023-01-17 23:00:00,53.93600386870336
2023-01-18 00:00:00,55.87931135356911
2023-01-18 01:00:00,57.06235359739121
2023-01-18 02:00:00,58.0336357227052
2023-01-18 03:00:00,64.43305902032137
2023-01-18 04:00:00,63.63580102035549
2023-01-18 05:00:00,64.6164201653159
2023-01-18 06:00:00,68.71804704361985
2023-01-18 07:00:00,66.10781851242363
2023-01-18 08:00:00,64.30711537128747
2023-01-18 09:00:00,62.08501380275649
2023-01-18 10:00:00,62.59364018946367
2023-01-18 11:00:00,60.404325037239225
2023-01-18 12:00:00,56.05901022295906
2023-01-18 13:00:00,52.599302760389016
2023-01-18 14:00:00,44.65714338965559
2023-01-18 15:00:00,46.846553636085005
2023-01-18 16:00:00,44.57432072288734
2023-01-18 17:00:00,43.849090160065884
2023-01-18 18:00:00,45.033487504863466
2023-01-18 19:00:00,37.8372921772176
2023-01-18 20:00:00,43.00734598316073
2023-01-18 21:00:00,46.10734558824021
2023-01-18 22:00:00,46.539603786062486
2023-01-18 23:00:00,46.88853720112356
2023-01-19 00:00:00,53.888508278205805
2023-01-19 01:00:00,55.13559112135215
2023-01-19 02:00:00,54.89779085911103
2023-01-19 03:00:00,59.39054183832044
2023-01-19 04:00:00,61.846825171625866
2023-01-19 05:00:00,61.07074262762189
2023-01-19 06:00:00,62.86368059756833
2023-01-19 07:00:00,60.944341556823396
2023-01-19 08:00:00,58.86893238368108
2023-01-19 09:00:00,55.62669287313291
2023-01-19 10:00:00,55.58287910690764
2023-01-19 11:00:00,53.61691771138949
2023-01-19 12:00:00,52.28250811083451
2023-01-19 13:00:00,47.608605713167
2023-01-19 14:00:00,46.24363734086201
2023-01-19 15:00:00,61.23608716452566
2023-01-19 16:00:00,39.924360631578374
2023-01-19 17:00:00,40.1893861715325
2023-01-19 18:00:00,37.88589873251787
2023-01-19 19:00:00,41.90842613240879
2023-01-19 20:00:00,42.13163787757181
2023-01-19 21:00:00,43.2977070653776
2023-01-19 22:00:00,45.43994422150118
2023-01-19 23:00:00,51.17426754049904
2023-01-20 00:00:00,48.7476320631573
2023-01-20 01:00:00,47.84247551385765
2023-01-20 02:00:00,55.03444626266729
2023-01-20 03:00:00,56.59129968047593
2023-01-20 04:00:00,57.239196966917675
2023-01-20 05:00:00,57.315095020231155
2023-01-20 06:00:00,58.7416209563957
2023-01-20 07:00:00,59.655431597384336
2023-01-20 08:00:00,57.308601650653415
2023-01-20 09:00:00,61.57741412148676
2023-01-20 10:00:00,52.79483710560806
2023-01-20 11:00:00,50.75912335944343
2023-01-20 12:00:00,45.228120359061826
2023-01-20 13:00:00,47.77514924757252
2023-01-20 14:00:00,40.88932271546978
2023-01-20 15:00:00,41.84060626984369
2023-01-20 16:00:00,40.85403614981348
2023-01-20 17:00:00,39.06847452606566
2023-01-20 18:00:00,43.71290101539692
2023-01-20 19:00:00,42.65895355221726
2023-01-20 20:00:00,44.407892695836566
2023-01-20 21:00:00,41.70047355489327
2023-01-20 22:00:00,47.90599425744916
2023-01-20 23:00:00,49.17082254282937
2023-01-21 00:00:00,52.43365448501354
2023-01-21 01:00:00,55.66720949286347
2023-01-21 02:00:00,54.33721414893276
2023-01-21 03:00:00,57.51689866397693
2023-01-21 04:00:00,61.82458237164669
2023-01-21 05:00:00,55.93658302055021
2023-01-21 06:00:00,64.76920715585274
2023-01-21 07:00:00,62.66642146343834
2023-01-21 08:00:00,60.63224582620581
2023-01-21 09:00:00,79.74192274080315
2023-01-21 10:00:00,55.340129433382046
2023-01-21 11:00:00,54.461960580481694
2023-01-21 12:00:00,54.95114998085295
2023-01-21 13:00:00,52.93839337202853
2023-01-21 14:00:00,53.50574298329518
2023-01-21 15:00:00,46.07968754579787
2023-01-21 16:00:00,43.508864156491086
2023-01-21 17:00:00,42.98817857971673
2023-01-21 18:00:00,41.831311579643696
2023-01-21 19:00:00,44.24547418941304
2023-01-21 20:00:00,46.35999949129928
2023-01-21 21:00:00,47.310625246554075
2023-01-21 22:00:00,51.83904322339947
2023-01-21 23:00:00,51.78642197490409
2023-01-22 00:00:00,54.345098695002875
2023-01-22 01:00:00,56.66260946868618
2023-01-22 02:00:00,97.16838141546313
2023-01-22 03:00:00,59.565354743765106
2023-01-22 04:00:00,62.127149507449886
2023-01-22 05:00:00,68.28167244203478
2023-01-22 06:00:00,68.00312521556143
2023-01-22 07:00:00,68.81328162118928
2023-01-22 08:00:00,62.589606600709914
2023-01-22 09:00:00,59.91521374206928
2023-01-22 10:00:00,60.646592481563815
2023-01-22 11:00:00,60.089288479215966
2023-01-22 12:00:00,58.32679924540744
2023-01-22 13:00:00,57.014097002276216
2023-01-22 14:00:00,53.24855934161443
2023-01-22 15:00:00,54.264430132022476
2023-01-22 16:00:00,48.91113489057709
2023-01-22 17:00:00,46.69368422889323
2023-01-22 18:00:00,44.9750125783048
2023-01-22 19:00:00,47.05423607730902
2023-01-22 20:00:00,50.464845572980465
2023-01-22 21:00:00,49.937025579360004
2023-01-22 22:00:00,55.79874428621964
2023-01-22 23:00:00,59.29632357677694
2023-01-23 00:00:00,54.44998360188694
2023-01-23 01:00:00,63.62928395085384
2023-01-23 02:00:00,59.951985754256505
2023-01-23 03:00:00,67.41768691818747
2023-01-23 04:00:00,70.76012218515389
2023-01-23 05:00:00,69.53954744310089
2023-01-23 06:00:00,67.28546599310361
2023-01-23 07:00:00,68.421207133685
2023-01-23 08:00:00,68.15133188964361
2023-01-23 09:00:00,66.79599489582743
2023-01-23 10:00:00,64.75207034739736
2023-01-23 11:00:00,62.58805402385193
2023-01-23 12:00:00,60.70159965872945
2023-01-23 13:00:00,55.317494607674796
2023-01-23 14:00:00,54.880114471385205
2023-01-23 15:00:00,56.36401557831215
2023-01-23 16:00:00,50.99647410177648
2023-01-23 17:00:00,49.899573074740914
2023-01-23 18:00:00,52.616394607428475
2023-01-23 19:00:00,45.68887592836312
2023-01-23 20:00:00,54.1685221506381
2023-01-23 21:00:00,52.123685721590405
2023-01-23 22:00:00,55.77201127603081
2023-01-23 23:00:00,58.02728462698362
2023-01-24 00:00:00,62.27957579934991
2023-01-24 01:00:00,62.41263008999986
2023-01-24 02:00:00,63.96181246580181
2023-01-24 03:00:00,69.9361760447095
2023-01-24 04:00:00,64.14627514678304
2023-01-24 05:00:00,69.85273790565104
2023-01-24 06:00:00,67.38899349425385
2023-01-24 07:00:00,68.14668845390062
2023-01-24 08:00:00,72.61289441969285
2023-01-24 09:00:00,66.82549795509519
2023-01-24 10:00:00,65.14133326588274
2023-01-24 11:00:00,58.67805363844737
2023-01-24 12:00:00,58.09106809475076
2023-01-24 13:00:00,57.244782966159626
2023-01-24 14:00:00,55.034774745375564
2023-01-24 15:00:00,53.36823920285383
2023-01-24 16:00:00,50.43786544884537
2023-01-24 17:00:00,50.34618721040924
2023-01-24 18:00:00,49.725012834565035
2023-01-24 19:00:00,45.360361842967755
2023-01-24 20:00:00,49.95035769629402
2023-01-24 21:00:00,52.85489738617661
2023-01-24 22:00:00,54.419759641469035
2023-01-24 23:00:00,54.77043507039852
2023-01-25 00:00:00,56.318165680509054
2023-01-25 01:00:00,58.121026723980656
2023-01-25 02:00:00,62.34459709874915
2023-01-25 03:00:00,66.77862288076076
2023-01-25 04:00:00,62.030421706935705
2023-01-25 05:00:00,65.4435700289443
2023-01-25 06:00:00,64.65299975892802
2023-01-25 07:00:00,67.98873134118625
2023-01-25 08:00:00,64.13684611558266
2023-01-25 09:00:00,62.539614876072434
2023-01-25 10:00:00,60.799751328058825
2023-01-25 11:00:00,59.53593292419643
2023-01-25 12:00:00,55.09522200370073
2023-01-25 13:00:00,47.02256746799331
2023-01-25 14:00:00,51.61297331484292
2023-01-25 15:00:00,49.157195722962086
2023-01-25 16:00:00,46.07545257461232
2023-01-25 17:00:00,43.17311045995088
2023-01-25 18:00:00,45.530955551581144
2023-01-25 19:00:00,45.75511757866788
2023-01-25 20:00:00,44.885904324699354
2023-01-25 21:00:00,46.81407393720761
2023-01-25 22:00:00,47.292981873119366
2023-01-25 23:00:00,51.04517124320142
2023-01-26 00:00:00,50.729722614245254
2023-01-26 01:00:00,57.09648495172356
2023-01-26 02:00:00,56.63126301835142
2023-01-26 03:00:00,60.91711372495342
2023-01-26 04:00:00,59.071727914990475
2023-01-26 05:00:00,61.56004204328409
2023-01-26 06:00:00,62.72157218057448
2023-01-26 07:00:00,59.14642158276155
2023-01-26 08:00:00,61.56968609526997
2023-01-26 09:00:00,58.8672387801729
2023-01-26 10:00:00,53.95002824523241
2023-01-26 11:00:00,52.301846327073314
2023-01-26 12:00:00,53.42108275582418
2023-01-26 13:00:00,51.3099326212441
2023-01-26 14:00:00,46.74498884886009
2023-01-26 15:00:00,45.65483481607411
2023-01-26 16:00:00,43.617306069859254
2023-01-26 17:00:00,42.74941073384175
2023-01-26 18:00:00,44.24712367464849
2023-01-26 19:00:00,38.93393366133088
2023-01-26 20:00:00,44.238298683657845
2023-01-26 21:00:00,43.65549762543705
2023-01-26 22:00:00,45.99361810256601
2023-01-26 23:00:00,48.207680956619306
2023-01-27 00:00:00,50.615066205768315
2023-01-27 01:00:00,51.47296570129273
2023-01-27 02:00:00,41.68252426738956
2023-01-27 03:00:00,61.71439282797698
2023-01-27 04:00:00,59.841969011040966
2023-01-27 05:00:00,60.9499846534785
2023-01-27 06:00:00,59.92540192568667
2023-01-27 07:00:00,60.73780564611247
2023-01-27 08:00:00,60.92656790400655
2023-01-27 09:00:00,57.69202188099058
2023-01-27 10:00:00,55.488237786770355
2023-01-27 11:00:00,54.831887165185265
2023-01-27 12:00:00,49.64935089945279
2023-01-27 13:00:00,49.457173671683194
2023-01-27 14:00:00,48.242779565592144
2023-01-27 15:00:00,47.319412619951656
2023-01-27 16:00:00,42.9046132043807
2023-01-27 17:00:00,44.903124937372866
2023-01-27 18:00:00,43.983975433450944
2023-01-27 19:00:00,40.35773948884413
2023-01-27 20:00:00,41.01374192004712
2023-01-27 21:00:00,44.53538391628427
2023-01-27 22:00:00,49.38667711360973
2023-01-27 23:00:00,49.71424663502144
2023-01-28 00:00:00,51.369527472344274
2023-01-28 01:00:00,58.39281819539506
2023-01-28 02:00:00,58.40854961685756
2023-01-28 03:00:00,55.40434535435125
2023-01-28 04:00:00,62.413711601575166
2023-01-28 05:00:00,63.96790243564181
2023-01-28 06:00:00,63.87376829964854
2023-01-28 07:00:00,64.13958153548715
2023-01-28 08:00:00,62.26910252968032
2023-01-28 09:00:00,58.34411568999932
2023-01-28 10:00:00,58.33859199355909
2023-01-28 11:00:00,54.95061571854731
2023-01-28 12:00:00,52.56509948282345
2023-01-28 13:00:00,49.49621272917153
2023-01-28 14:00:00,50.69827306344731
2023-01-28 15:00:00,48.10332916918395
2023-01-28 16:00:00,45.60963936473968
2023-01-28 17:00:00,44.39797065613593
2023-01-28 18:00:00,45.50054912017552
2023-01-28 19:00:00,48.23957315751972
2023-01-28 20:00:00,43.26610320027691
2023-01-28 21:00:00,49.812862849319764
2023-01-28 22:00:00,50.23492558403231
2023-01-28 23:00:00,50.165681887634264
2023-01-29 00:00:00,52.82859383367208
2023-01-29 01:00:00,57.67957943413626
2023-01-29 02:00:00,62.552669579518216
2023-01-29 03:00:00,65.16701606034219
2023-01-29 04:00:00,64.28750222336969
2023-01-29 05:00:00,69.39285828153174
2023-01-29 06:00:00,70.73857166281378
2023-01-29 07:00:00,68.53552665831641
2023-01-29 08:00:00,65.75122457428269
2023-01-29 09:00:00,67.78130149066205
2023-01-29 10:00:00,65.15749651315865
2023-01-29 11:00:00,63.15246539533375
2023-01-29 12:00:00,57.69649134564474
2023-01-29 13:00:00,50.9290436797907
2023-01-29 14:00:00,58.59358204296735
2023-01-29 15:00:00,49.237335763811345
2023-01-29 16:00:00,50.964810108753284
2023-01-29 17:00:00,54.96133336741633
2023-01-29 18:00:00,50.678602521842414
2023-01-29 19:00:00,52.41067174061639
2023-01-29 20:00:00,48.655816512246794
2023-01-29 21:00:00,49.83913218459985
2023-01-29 22:00:00,54.53985377519001
2023-01-29 23:00:00,60.33316763357105
2023-01-30 00:00:00,60.17665851704553
2023-01-30 01:00:00,61.99190670771555
2023-01-30 02:00:00,66.50712845146991
2023-01-30 03:00:00,70.45855924496142
2023-01-30 04:00:00,67.10050065861984
2023-01-30 05:00:00,68.66874924216704
2023-01-30 06:00:00,69.94750583049336
2023-01-30 07:00:00,73.46134629166474
2023-01-30 08:00:00,70.82426583296288
2023-01-30 09:00:00,73.1047912845482
2023-01-30 10:00:00,68.71075548059294
2023-01-30 11:00:00,64.41762922873123
2023-01-30 12:00:00,64.48479523708664
2023-01-30 13:00:00,59.83763594060499
2023-01-30 14:00:00,55.634311426110756
2023-01-30 15:00:00,56.367442926090945
2023-01-30 16:00:00,52.05311164033935
2023-01-30 17:00:00,36.88645105944358
2023-01-30 18:00:00,54.795565391915964
2023-01-30 19:00:00,52.28468228861651
2023-01-30 20:00:00,51.87948217337826
2023-01-30 21:00:00,54.13881785472975
2023-01-30 22:00:00,59.16773530230298
2023-01-30 23:00:00,58.40956056830777
2023-01-31 00:00:00,61.30089786720782
2023-01-31 01:00:00,63.6072341032033
2023-01-31 02:00:00,67.36571501761132
2023-01-31 03:00:00,68.2495049426561
2023-01-31 04:00:00,67.35095068312033
2023-01-31 05:00:00,69.71770765855048
2023-01-31 06:00:00,69.89926625649922
2023-01-31 07:00:00,73.83647399932404
2023-01-31 08:00:00,71.89572914098467
2023-01-31 09:00:00,69.76920756680654
2023-01-31 10:00:00,65.42047723705116
2023-01-31 11:00:00,62.289596265870614
2023-01-31 12:00:00,60.21412220902543
2023-01-31 13:00:00,56.427907959598706
2023-01-31 14:00:00,60.99966014232315
2023-01-31 15:00:00,49.32382279732447
2023-01-31 16:00:00,53.22862672115784
2023-01-31 17:00:00,88.40307419751487
2023-01-31 18:00:00,50.28876202630428
2023-01-31 19:00:00,48.72383877998935
2023-01-31 20:00:00,49.20108832750846
2023-01-31 21:00:00,50.71869996884129
2023-01-31 22:00:00,58.429972307484114
2023-01-31 23:00:00,56.91217584572092
2023-02-01 00:00:00,58.078014306631616
2023-02-01 01:00:00,63.149224500789664
2023-02-01 02:00:00,64.30740375096457
2023-02-01 03:00:00,67.63253064032462
2023-02-01 04:00:00,63.96551659802324
2023-02-01 05:00:00,69.05056129732729
2023-02-01 06:00:00,70.15799434398635
2023-02-01 07:00:00,64.77561971647613
2023-02-01 08:00:00,67.82185593757188
2023-02-01 09:00:00,68.55325333803833
2023-02-01 10:00:00,62.883935061222715
2023-02-01 11:00:00,61.96795829645646
2023-02-01 12:00:00,58.90114090062182
2023-02-01 13:00:00,53.37984218257201
2023-02-01 14:00:00,52.28588300124087
2023-02-01 15:00:00,46.825120385894785
2023-02-01 16:00:00,47.291928557069696
2023-02-01 17:00:00,47.55255965122722
2023-02-01 18:00:00,47.95359631769403
2023-02-01 19:00:00,46.72587076209253
2023-02-01 20:00:00,48.945937550387434
2023-02-01 21:00:00,46.721724452447944
2023-02-01 22:00:00,50.62990032905827
2023-02-01 23:00:00,93.12090819640224
2023-02-02 00:00:00,59.20976379777149
2023-02-02 01:00:00,57.51351399725972
2023-02-02 02:00:00,59.20196672401164
2023-02-02 03:00:00,62.16360987697589
2023-02-02 04:00:00,61.72542685778639
2023-02-02 05:00:00,64.80566503315362
2023-02-02 06:00:00,63.89244055761382
2023-02-02 07:00:00,60.565166110417714
2023-02-02 08:00:00,62.90221724672207
2023-02-02 09:00:00,60.670447718072346
2023-02-02 10:00:00,55.8498940367149
2023-02-02 11:00:00,56.4540635260689
2023-02-02 12:00:00,56.86955451180881
2023-02-02 13:00:00,52.24142814669288
2023-02-02 14:00:00,49.912660513882344
2023-02-02 15:00:00,43.84231774082703
2023-02-02 16:00:00,45.803415681077865
2023-02-02 17:00:00,44.06706393234643
2023-02-02 18:00:00,44.41324613715677
2023-02-02 19:00:00,44.473187701177075
2023-02-02 20:00:00,41.84581576792697
2023-02-02 21:00:00,46.01671391347676
2023-02-02 22:00:00,46.60639425021896
2023-02-02 23:00:00,50.39201222895979
2023-02-03 00:00:00,51.25055858528722
2023-02-03 01:00:00,58.23029881914076
2023-02-03 02:00:00,56.27790109198567
2023-02-03 03:00:00,58.254622449468194
2023-02-03 04:00:00,61.78340786502559
2023-02-03 05:00:00,60.4785566001407
2023-02-03 06:00:00,62.130673395134274
2023-02-03 07:00:00,60.99282554387277
2023-02-03 08:00:00,64.49657917971771
2023-02-03 09:00:00,61.68411441606161
2023-02-03 10:00:00,57.96090683194356
2023-02-03 11:00:00,54.92292398051074
2023-02-03 12:00:00,55.04719566824111
2023-02-03 13:00:00,51.44258857817523
2023-02-03 14:00:00,49.27824078043501
2023-02-03 15:00:00,46.22713106190419
2023-02-03 16:00:00,41.38891716339173
2023-02-03 17:00:00,43.62299849264033
2023-02-03 18:00:00,42.53017582206977
2023-02-03 19:00:00,45.32027531650602
2023-02-03 20:00:00,47.1533038092218
2023-02-03 21:00:00,45.50940910247077
2023-02-03 22:00:00,49.94557659697412
2023-02-03 23:00:00,55.01057864551287
2023-02-04 00:00:00,52.91541714651873
2023-02-04 01:00:00,60.33217531544421
2023-02-04 02:00:00,57.80956894650957
2023-02-04 03:00:00,61.771453417148635
2023-02-04 04:00:00,103.4370991253061
2023-02-04 05:00:00,64.6308190062402
2023-02-04 06:00:00,63.42719490689044
2023-02-04 07:00:00,63.73779112749432
2023-02-04 08:00:00,62.748213174807475
2023-02-04 09:00:00,63.314832620097704
2023-02-04 10:00:00,61.420070229020624
2023-02-04 11:00:00,62.97373597313642
2023-02-04 12:00:00,58.85255931699445
2023-02-04 13:00:00,52.682662943099125
2023-02-04 14:00:00,52.12303410976039
2023-02-04 15:00:00,51.58177283994222
2023-02-04 16:00:00,48.24717373877813
2023-02-04 17:00:00,47.237363354702836
2023-02-04 18:00:00,47.33054521575821
2023-02-04 19:00:00,49.49573695891159
2023-02-04 20:00:00,47.25789358566428
2023-02-04 21:00:00,50.08777086997763
2023-02-04 22:00:00,53.947215821760835
2023-02-04 23:00:00,56.23774772070147
2023-02-05 00:00:00,58.87916551971278
2023-02-05 01:00:00,60.44554408979923
2023-02-05 02:00:00,65.7387220462172
2023-02-05 03:00:00,70.32862668679108
2023-02-05 04:00:00,68.65829635607767
2023-02-05 05:00:00,68.65246289560558
2023-02-05 06:00:00,56.08408524757067
2023-02-05 07:00:00,68.34508821489732
2023-02-05 08:00:00,67.11464922049312
2023-02-05 09:00:00,67.27808061686873
2023-02-05 10:00:00,60.16111185589209
2023-02-05 11:00:00,60.789749845319896
2023-02-05 12:00:00,59.993494983746096
2023-02-05 13:00:00,55.57137497404468
2023-02-05 14:00:00,53.97471379621574
2023-02-05 15:00:00,53.2655958957952
2023-02-05 16:00:00,49.43041566541251
2023-02-05 17:00:00,51.06769907245717
2023-02-05 18:00:00,50.62690868022798
2023-02-05 19:00:00,52.242989210269954
2023-02-05 20:00:00,55.648977711998256
2023-02-05 21:00:00,55.419474927052995
2023-02-05 22:00:00,57.32738340183325
2023-02-05 23:00:00,60.03057707876348
2023-02-06 00:00:00,63.00394296258241
2023-02-06 01:00:00,63.22770205263901
2023-02-06 02:00:00,67.56164322203838
2023-02-06 03:00:00,70.59219129168011
2023-02-06 04:00:00,68.92886109168045
2023-02-06 05:00:00,74.50114107604544
2023-02-06 06:00:00,75.36759640842847
2023-02-06 07:00:00,71.68931756534178
2023-02-06 08:00:00,71.5519471981592
2023-02-06 09:00:00,68.76410377778717
2023-02-06 10:00:00,69.91662499610634
2023-02-06 11:00:00,64.04537500757874
2023-02-06 12:00:00,63.18968554042328
2023-02-06 13:00:00,59.3768020995259
2023-02-06 14:00:00,58.82606268514822
2023-02-06 15:00:00,53.099034694621295
2023-02-06 16:00:00,57.7786882327929
2023-02-06 17:00:00,52.218032412638784
2023-02-06 18:00:00,53.93978936623255
2023-02-06 19:00:00,53.74219917151069
2023-02-06 20:00:00,53.64153592421653
2023-02-06 21:00:00,54.971932964328865
2023-02-06 22:00:00,60.676951218230556
2023-02-06 23:00:00,60.14336072893735
2023-02-07 00:00:00,64.29697993018374
2023-02-07 01:00:00,64.70482581168181
2023-02-07 02:00:00,67.38350116523519
2023-02-07 03:00:00,71.644978763583
2023-02-07 04:00:00,74.09543977328762
2023-02-07 05:00:00,72.82143673758652
2023-02-07 06:00:00,70.60100459623122
2023-02-07 07:00:00,77.02574738991375
2023-02-07 08:00:00,70.23728244029817
2023-02-07 09:00:00,67.19151400866332
2023-02-07 10:00:00,73.30004304711628
2023-02-07 11:00:00,64.79311476215668
2023-02-07 12:00:00,59.98569203581734
2023-02-07 13:00:00,58.84478863112469
2023-02-07 14:00:00,58.42034915119367
2023-02-07 15:00:00,55.87508920925515
2023-02-07 16:00:00,52.077151256503036
2023-02-07 17:00:00,56.297625993755844
2023-02-07 18:00:00,51.13428965330692
2023-02-07 19:00:00,50.01046948415372
2023-02-07 20:00:00,55.15773304939504
2023-02-07 21:00:00,57.33721826379057
2023-02-07 22:00:00,54.965013804767544
2023-02-07 23:00:00,56.055458104261476
2023-02-08 00:00:00,63.35029523041901
2023-02-08 01:00:00,59.62300334650799
2023-02-08 02:00:00,63.513461803038744
2023-02-08 03:00:00,69.80735542174179
2023-02-08 04:00:00,69.18332481385413
2023-02-08 05:00:00,69.5954787912179
2023-02-08 06:00:00,70.99823788277034
2023-02-08 07:00:00,69.47326745161443
2023-02-08 08:00:00,66.00809192439908
2023-02-08 09:00:00,69.3930408843944
2023-02-08 10:00:00,67.24367857370575
2023-02-08 11:00:00,62.415811549962754
2023-02-08 12:00:00,59.33026803086402
2023-02-08 13:00:00,61.15410318963328
2023-02-08 14:00:00,53.3334838420362
2023-02-08 15:00:00,51.11995584394992
2023-02-08 16:00:00,50.60349712975576
2023-02-08 17:00:00,51.64382761357942
2023-02-08 18:00:00,51.3729368390534
2023-02-08 19:00:00,47.83950124824317
2023-02-08 20:00:00,49.80263258201979
2023-02-08 21:00:00,47.851369944230534
2023-02-08 22:00:00,51.88934266233559
2023-02-08 23:00:00,53.081768636417465
2023-02-09 00:00:00,55.17691779981425
2023-02-09 01:00:00,62.98500074219455
2023-02-09 02:00:00,60.29542667638771
2023-02-09 03:00:00,62.737695613265885
2023-02-09 04:00:00,65.97535132336
2023-02-09 05:00:00,68.69580786897033
2023-02-09 06:00:00,67.26478124348401
2023-02-09 07:00:00,71.34653143454324
2023-02-09 08:00:00,64.5500543924875
2023-02-09 09:00:00,63.502966786392236
2023-02-09 10:00:00,61.34594198881898
2023-02-09 11:00:00,61.13843060887625
2023-02-09 12:00:00,56.58532048987909
2023-02-09 13:00:00,52.64636124936716
2023-02-09 14:00:00,48.47382893860627
2023-02-09 15:00:00,48.69419810391638
2023-02-09 16:00:00,49.332308605817346
2023-02-09 17:00:00,44.629401182270534
2023-02-09 18:00:00,46.09304289732107
2023-02-09 19:00:00,45.800226035129114
2023-02-09 20:00:00,47.97241653569723
2023-02-09 21:00:00,46.17000805531695
2023-02-09 22:00:00,54.495430032122414
2023-02-09 23:00:00,49.61385820347293
2023-02-10 00:00:00,53.99425825911881
2023-02-10 01:00:00,59.16154316667006
2023-02-10 02:00:00,60.26931221386259
2023-02-10 03:00:00,63.39247908056147
2023-02-10 04:00:00,62.322030383973356
2023-02-10 05:00:00,64.16314477358802
2023-02-10 06:00:00,64.68446396727764
2023-02-10 07:00:00,67.4712739680205
2023-02-10 08:00:00,64.73509310070459
2023-02-10 09:00:00,63.385850979128605
2023-02-10 10:00:00,58.43999368380077
2023-02-10 11:00:00,59.32312336198488
2023-02-10 12:00:00,55.29652376622849
2023-02-10 13:00:00,55.090471048885306
2023-02-10 14:00:00,53.99025628090624
2023-02-10 15:00:00,47.345983984538684
2023-02-10 16:00:00,45.63277095804447
2023-02-10 17:00:00,43.7998404755547
2023-02-10 18:00:00,44.98799663705526
2023-02-10 19:00:00,44.9461138716855
2023-02-10 20:00:00,47.528627742375434
2023-02-10 21:00:00,48.216177558125636
2023-02-10 22:00:00,49.96560756685678
2023-02-10 23:00:00,55.34799092239715
2023-02-11 00:00:00,54.05508212535695
2023-02-11 01:00:00,59.51454774160062
2023-02-11 02:00:00,60.3828571864739
2023-02-11 03:00:00,64.85427091567267
2023-02-11 04:00:00,67.90991344243425
2023-02-11 05:00:00,65.68162469965192
2023-02-11 06:00:00,67.66461680525265
2023-02-11 07:00:00,66.95774306648953
2023-02-11 08:00:00,64.16480894844008
2023-02-11 09:00:00,64.82248244877266
2023-02-11 10:00:00,63.018241010557624
2023-02-11 11:00:00,61.02758895055225
2023-02-11 12:00:00,57.39378351077212
2023-02-11 13:00:00,55.57073402799638
2023-02-11 14:00:00,50.85807298848176
2023-02-11 15:00:00,50.55130872739898
2023-02-11 16:00:00,50.97789544952069
2023-02-11 17:00:00,90.84159428625978
2023-02-11 18:00:00,48.06276568196788
2023-02-11 19:00:00,49.65061176016131
2023-02-11 20:00:00,51.09064128152287
2023-02-11 21:00:00,52.82206970102685
2023-02-11 22:00:00,55.76789670266865
2023-02-11 23:00:00,53.65869831682602
2023-02-12 00:00:00,59.98135185970485
2023-02-12 01:00:00,48.343213624900365
2023-02-12 02:00:00,63.472989770024704
2023-02-12 03:00:00,71.08886160640343
2023-02-12 04:00:00,69.84858390320159
2023-02-12 05:00:00,73.8456257887631
2023-02-12 06:00:00,69.67155862611543
2023-02-12 07:00:00,69.28875324535264
2023-02-12 08:00:00,70.74253435183027
2023-02-12 09:00:00,65.535086395984
2023-02-12 10:00:00,67.43663630308416
2023-02-12 11:00:00,64.97208903662975
2023-02-12 12:00:00,64.400749258672
2023-02-12 13:00:00,61.3602353726703
2023-02-12 14:00:00,56.88504530022993
2023-02-12 15:00:00,53.62409926117073
2023-02-12 16:00:00,57.82095669516032
2023-02-12 17:00:00,51.97561262384653
2023-02-12 18:00:00,51.28639989515473
2023-02-12 19:00:00,51.702466674577025
2023-02-12 20:00:00,57.25522028208355
2023-02-12 21:00:00,55.716665685217556
2023-02-12 22:00:00,57.45785042678793
2023-02-12 23:00:00,61.787047816508746
2023-02-13 00:00:00,63.815267991225575
2023-02-13 01:00:00,65.58498842828605
2023-02-13 02:00:00,70.97917680553692
2023-02-13 03:00:00,73.78531979220288
2023-02-13 04:00:00,75.3210160746463
2023-02-13 05:00:00,75.98367456973614
2023-02-13 06:00:00,75.69009540177215
2023-02-13 07:00:00,71.0802935423169
2023-02-13 08:00:00,77.05312439381936
2023-02-13 09:00:00,72.80446288412242
2023-02-13 10:00:00,71.41417688413199
2023-02-13 11:00:00,70.07774422836535
2023-02-13 12:00:00,68.1813445666731
2023-02-13 13:00:00,63.611437937759625
2023-02-13 14:00:00,61.27524644971695
2023-02-13 15:00:00,57.1690446826813
2023-02-13 16:00:00,56.87194445033904
2023-02-13 17:00:00,54.1189227394226
2023-02-13 18:00:00,54.06011893571621
2023-02-13 19:00:00,54.060096456422926
2023-02-13 20:00:00,56.53371716606694
2023-02-13 21:00:00,60.52567961344076
2023-02-13 22:00:00,66.82610367770599
2023-02-13 23:00:00,63.253641190237055
2023-02-14 00:00:00,62.737813385396876
2023-02-14 01:00:00,70.51778624218306
2023-02-14 02:00:00,69.75629627597866
2023-02-14 03:00:00,71.05926727545332
2023-02-14 04:00:00,74.33432173691152
2023-02-14 05:00:00,72.3708203431281
2023-02-14 06:00:00,75.56977066752931
2023-02-14 07:00:00,74.53308418401542
2023-02-14 08:00:00,73.82713687039754
2023-02-14 09:00:00,72.71752131642523
2023-02-14 10:00:00,69.9261783860616
2023-02-14 11:00:00,67.31385551808434
2023-02-14 12:00:00,65.15778645033603
2023-02-14 13:00:00,62.72246941704431
2023-02-14 14:00:00,57.30229443851862
2023-02-14 15:00:00,54.314483576696375
2023-02-14 16:00:00,55.33733354666579
2023-02-14 17:00:00,51.46670781363171
2023-02-14 18:00:00,54.03251195113701
2023-02-14 19:00:00,55.93733641634144
2023-02-14 20:00:00,56.13056959630581
2023-02-14 21:00:00,54.262751757060265
2023-02-14 22:00:00,56.55947509608496
2023-02-14 23:00:00,61.19475528034161
2023-02-15 00:00:00,62.16682308532077
2023-02-15 01:00:00,64.7643399825197
2023-02-15 02:00:00,68.84051808432788
2023-02-15 03:00:00,67.577889734726
2023-02-15 04:00:00,70.17156049007654
2023-02-15 05:00:00,70.20318853623408
2023-02-15 06:00:00,69.88634567371086
2023-02-15 07:00:00,69.74465992136292
2023-02-15 08:00:00,71.64038970741808
2023-02-15 09:00:00,68.62453097134686
2023-02-15 10:00:00,64.51532921026198
2023-02-15 11:00:00,63.22294320722085
2023-02-15 12:00:00,57.642385385755645
2023-02-15 13:00:00,56.688227962425835
2023-02-15 14:00:00,59.86549860180245
2023-02-15 15:00:00,53.1386221082865
2023-02-15 16:00:00,53.01785248533553
2023-02-15 17:00:00,50.25020695100578
2023-02-15 18:00:00,50.563733800702046
2023-02-15 19:00:00,51.36316269095506
2023-02-15 20:00:00,48.65673689504816
2023-02-15 21:00:00,52.22566436381077
2023-02-15 22:00:00,57.35102526700099
2023-02-15 23:00:00,54.8513483272695
2023-02-16 00:00:00,57.73770159694777
2023-02-16 01:00:00,60.686464754925886
2023-02-16 02:00:00,64.0980481463525
2023-02-16 03:00:00,66.53074315658056
2023-02-16 04:00:00,69.45847705716359
2023-02-16 05:00:00,68.77915380196049
2023-02-16 06:00:00,67.85844473910966
2023-02-16 07:00:00,70.0261554657217
2023-02-16 08:00:00,67.78761239327295
2023-02-16 09:00:00,61.6741748734187
2023-02-16 10:00:00,67.52747712156287
2023-02-16 11:00:00,63.48817461169141
2023-02-16 12:00:00,56.9144141421257
2023-02-16 13:00:00,55.31464085361841
2023-02-16 14:00:00,54.6975236284117
2023-02-16 15:00:00,49.54090960659934
2023-02-16 16:00:00,49.670322523987466
2023-02-16 17:00:00,49.33932171672922
2023-02-16 18:00:00,44.68550384501902
2023-02-16 19:00:00,45.78326675059371
2023-02-16 20:00:00,49.76819401455576
2023-02-16 21:00:00,50.38114449089035
2023-02-16 22:00:00,53.32972909169718
2023-02-16 23:00:00,53.587044388222004
2023-02-17 00:00:00,55.82735001718242
2023-02-17 01:00:00,54.968079133692015
2023-02-17 02:00:00,59.06384501585947
2023-02-17 03:00:00,63.506638951716255
2023-02-17 04:00:00,66.64334949106696
2023-02-17 05:00:00,67.05511147202009
2023-02-17 06:00:00,66.0835160519446
2023-02-17 07:00:00,65.46921160596729
2023-02-17 08:00:00,65.46859431721504
2023-02-17 09:00:00,63.628929124583564
2023-02-17 10:00:00,64.24493689875378
2023-02-17 11:00:00,59.35823962581527
2023-02-17 12:00:00,53.562868514696284
2023-02-17 13:00:00,51.44706414746482
2023-02-17 14:00:00,54.67965464499646
2023-02-17 15:00:00,47.297194613692525
2023-02-17 16:00:00,49.654372125001665
2023-02-17 17:00:00,46.67118498734067
2023-02-17 18:00:00,46.61563907268293
2023-02-17 19:00:00,47.12189920404942
2023-02-17 20:00:00,50.93238886215182
2023-02-17 21:00:00,49.79962753490518
2023-02-17 22:00:00,52.302167562729714
2023-02-17 23:00:00,51.83721365534246
2023-02-18 00:00:00,58.024223611075854
2023-02-18 01:00:00,61.39041684925406
2023-02-18 02:00:00,63.35303180215844
2023-02-18 03:00:00,67.8813264281062
2023-02-18 04:00:00,66.92973305855026
2023-02-18 05:00:00,68.56577611873811
2023-02-18 06:00:00,71.75955901124269
2023-02-18 07:00:00,65.18012895630687
2023-02-18 08:00:00,66.53200305192753
2023-02-18 09:00:00,68.87322493332734
2023-02-18 10:00:00,65.99225829662217
2023-02-18 11:00:00,103.23860750734084
2023-02-18 12:00:00,61.13588278334117
2023-02-18 13:00:00,57.71648184561813
2023-02-18 14:00:00,58.09648973323256
2023-02-18 15:00:00,53.703055217820136
2023-02-18 16:00:00,52.02570430189165
2023-02-18 17:00:00,51.054563859847995
2023-02-18 18:00:00,50.9731232413192
2023-02-18 19:00:00,48.807149139663004
2023-02-18 20:00:00,53.85588074020143
2023-02-18 21:00:00,53.838230340051325
2023-02-18 22:00:00,60.01017972778868
2023-02-18 23:00:00,58.82355263641631
2023-02-19 00:00:00,62.60183656835131
2023-02-19 01:00:00,65.0383507949295
2023-02-19 02:00:00,65.90253639771362
2023-02-19 03:00:00,71.40516384941903
2023-02-19 04:00:00,75.01559264984529
2023-02-19 05:00:00,72.36926185938556
2023-02-19 06:00:00,72.33164709861073
2023-02-19 07:00:00,72.07329602629254
2023-02-19 08:00:00,68.18930612326423
2023-02-19 09:00:00,70.21683683423528
2023-02-19 10:00:00,69.18870135384863
2023-02-19 11:00:00,68.56716642298449
2023-02-19 12:00:00,65.96951417788765
2023-02-19 13:00:00,60.80515452546672
2023-02-19 14:00:00,58.846354010452224
2023-02-19 15:00:00,59.74690318194009
2023-02-19 16:00:00,95.72941845832797
2023-02-19 17:00:00,54.21978358546559
2023-02-19 18:00:00,57.84248590816221
2023-02-19 19:00:00,57.62735012760119
2023-02-19 20:00:00,56.738193234558736
2023-02-19 21:00:00,57.24691119850993
2023-02-19 22:00:00,56.6214987206597
2023-02-19 23:00:00,64.3710753758515
2023-02-20 00:00:00,64.11641796723579
2023-02-20 01:00:00,64.69571533157705
2023-02-20 02:00:00,74.32083492627801
2023-02-20 03:00:00,74.63062439002667
2023-02-20 04:00:00,72.75236467053264
2023-02-20 05:00:00,73.70103246449521
2023-02-20 06:00:00,78.30676790385533
2023-02-20 07:00:00,74.55612830916881
2023-02-20 08:00:00,77.98692251612117
2023-02-20 09:00:00,75.11340308865962
2023-02-20 10:00:00,72.95105707006435
2023-02-20 11:00:00,70.33721049369916
2023-02-20 12:00:00,67.37754130495695
2023-02-20 13:00:00,66.21566431349545
2023-02-20 14:00:00,61.175993406094435
2023-02-20 15:00:00,60.21939718446951
2023-02-20 16:00:00,59.98965812341591
2023-02-20 17:00:00,58.633224698223565
2023-02-20 18:00:00,54.79002638946268
2023-02-20 19:00:00,56.526425926442776
2023-02-20 20:00:00,59.03137195889983
2023-02-20 21:00:00,59.29146381952094
2023-02-20 22:00:00,65.7134712530723
2023-02-20 23:00:00,63.768335525633006
2023-02-21 00:00:00,66.79020266575573
2023-02-21 01:00:00,71.20667993882515
2023-02-21 02:00:00,72.69892951540055
2023-02-21 03:00:00,73.76993554899776
2023-02-21 04:00:00,74.0816357233039
2023-02-21 05:00:00,77.1350976570341
2023-02-21 06:00:00,78.88303722026887
2023-02-21 07:00:00,77.3480256786102
2023-02-21 08:00:00,73.75401401385433
2023-02-21 09:00:00,77.10823872196032
2023-02-21 10:00:00,68.57803809150818
2023-02-21 11:00:00,65.79580806625297
2023-02-21 12:00:00,68.1902718612546
2023-02-21 13:00:00,64.02334912190744
2023-02-21 14:00:00,59.946262266541055
2023-02-21 15:00:00,56.65732463895661
2023-02-21 16:00:00,61.78220932957081
2023-02-21 17:00:00,56.24636053781081
2023-02-21 18:00:00,56.60585135098521
2023-02-21 19:00:00,56.375612859453184
2023-02-21 20:00:00,57.46596216793604
2023-02-21 21:00:00,59.11928149176082
2023-02-21 22:00:00,61.424848019509746
2023-02-21 23:00:00,61.46770788881875
2023-02-22 00:00:00,64.06613472288412
2023-02-22 01:00:00,63.595604955906104
2023-02-22 02:00:00,67.76609630882888
2023-02-22 03:00:00,71.77468871453475
2023-02-22 04:00:00,74.74407666090428
2023-02-22 05:00:00,74.68143254115564
2023-02-22 06:00:00,72.97121998202572
2023-02-22 07:00:00,70.61247047453494
2023-02-22 08:00:00,66.4107470778704
2023-02-22 09:00:00,72.50435814194361
2023-02-22 10:00:00,66.77519249491182
2023-02-22 11:00:00,64.46821640999872
2023-02-22 12:00:00,62.86314793581614
2023-02-22 13:00:00,57.023733482809384
2023-02-22 14:00:00,56.54678517184481
2023-02-22 15:00:00,59.046053707157945
2023-02-22 16:00:00,54.24530850842943
2023-02-22 17:00:00,52.77968201432166
2023-02-22 18:00:00,48.38240637425492
2023-02-22 19:00:00,56.203850300761985
2023-02-22 20:00:00,49.70038027284841
2023-02-22 21:00:00,57.812186389247486
2023-02-22 22:00:00,91.6431828477924
2023-02-22 23:00:00,60.93308030482492
2023-02-23 00:00:00,63.78668984241266
2023-02-23 01:00:00,61.333029067004226
2023-02-23 02:00:00,66.08516074454576
2023-02-23 03:00:00,68.25586857349812
2023-02-23 04:00:00,66.97606478106367
2023-02-23 05:00:00,66.56192211354931
2023-02-23 06:00:00,67.02711630442481
2023-02-23 07:00:00,70.26983764641969
2023-02-23 08:00:00,67.88915914395098
2023-02-23 09:00:00,65.21693183932842
2023-02-23 10:00:00,66.08827666318378
2023-02-23 11:00:00,62.6444676540809
2023-02-23 12:00:00,57.41991713492859
2023-02-23 13:00:00,53.83641761210668
2023-02-23 14:00:00,54.77532960579618
2023-02-23 15:00:00,50.490144454877
2023-02-23 16:00:00,50.08802866829643
2023-02-23 17:00:00,51.96276271484171
2023-02-23 18:00:00,49.39981214063746
2023-02-23 19:00:00,46.94339645825295
2023-02-23 20:00:00,49.926699598574146
2023-02-23 21:00:00,49.234225630961916
2023-02-23 22:00:00,41.379180282966736
2023-02-23 23:00:00,54.409022918323004
2023-02-24 00:00:00,58.499901933038124
2023-02-24 01:00:00,61.260823234217625
2023-02-24 02:00:00,63.354346805621766
2023-02-24 03:00:00,61.17540885212619
2023-02-24 04:00:00,63.78139292397182
2023-02-24 05:00:00,66.76805418781052
2023-02-24 06:00:00,68.65886366666305
2023-02-24 07:00:00,67.41719631037715
2023-02-24 08:00:00,64.79994010563645
2023-02-24 09:00:00,62.45565812415587
2023-02-24 10:00:00,62.31273077987567
2023-02-24 11:00:00,59.80840599549933
2023-02-24 12:00:00,59.23103335427639
2023-02-24 13:00:00,55.01954349321281
2023-02-24 14:00:00,54.52755128392796
2023-02-24 15:00:00,50.13021599715188
2023-02-24 16:00:00,49.29346188050606
2023-02-24 17:00:00,48.1918376984742
2023-02-24 18:00:00,47.070421726683726
2023-02-24 19:00:00,35.320402082453725
2023-02-24 20:00:00,48.542426949044405
2023-02-24 21:00:00,50.82202817205187
2023-02-24 22:00:00,53.902566836523626
2023-02-24 23:00:00,53.98406133822797
2023-02-25 00:00:00,58.64097267101886
2023-02-25 01:00:00,60.58571911581236
2023-02-25 02:00:00,63.778432255886365
2023-02-25 03:00:00,66.64567790059056
2023-02-25 04:00:00,66.89956310270844
2023-02-25 05:00:00,69.20766964685937
2023-02-25 06:00:00,72.75988849541069
2023-02-25 07:00:00,69.9085602185142
2023-02-25 08:00:00,71.41417809356473
2023-02-25 09:00:00,68.3938963133023
2023-02-25 10:00:00,67.34832121963763
2023-02-25 11:00:00,62.01292937211825
2023-02-25 12:00:00,61.360395634583234
2023-02-25 13:00:00,59.010175272607036
2023-02-25 14:00:00,55.288043400418154
2023-02-25 15:00:00,72.98188022977013
2023-02-25 16:00:00,50.2454393142865
2023-02-25 17:00:00,55.408925785499974
2023-02-25 18:00:00,50.32258955151343
2023-02-25 19:00:00,55.49362584773934
2023-02-25 20:00:00,53.05954828395903
2023-02-25 21:00:00,54.05412320816852
2023-02-25 22:00:00,59.29138781267787
2023-02-25 23:00:00,59.39246969409945
2023-02-26 00:00:00,64.57691783784855
2023-02-26 01:00:00,65.55952289270242
2023-02-26 02:00:00,69.7944994601677
2023-02-26 03:00:00,69.1645180645678
2023-02-26 04:00:00,74.54816748469479
2023-02-26 05:00:00,75.05476166403126
2023-02-26 06:00:00,72.77330328965625
2023-02-26 07:00:00,79.74922493043277
2023-02-26 08:00:00,74.7342759626999
2023-02-26 09:00:00,76.83339726270239
2023-02-26 10:00:00,73.56724075932951
2023-02-26 11:00:00,67.75998101218835
2023-02-26 12:00:00,64.90487518637872
2023-02-26 13:00:00,62.511234323498506
2023-02-26 14:00:00,57.41994289914438
2023-02-26 15:00:00,57.78742233201213
2023-02-26 16:00:00,58.249878300433664
2023-02-26 17:00:00,59.971757786746444
2023-02-26 18:00:00,55.19190524333727
2023-02-26 19:00:00,58.99629199222594
2023-02-26 20:00:00,55.875422968003576
2023-02-26 21:00:00,58.941826043644994
2023-02-26 22:00:00,61.40997817057008
2023-02-26 23:00:00,65.61529032769702
2023-02-27 00:00:00,68.50377670578176
2023-02-27 01:00:00,72.22586283948723
2023-02-27 02:00:00,74.37286779238984
2023-02-27 03:00:00,75.50102523881188
2023-02-27 04:00:00,77.49111094378382
2023-02-27 05:00:00,80.9868966126088
2023-02-27 06:00:00,77.22299197704756
2023-02-27 07:00:00,79.54152618037489
2023-02-27 08:00:00,73.45833492806891
2023-02-27 09:00:00,76.38315294920253
2023-02-27 10:00:00,72.5913649439725
2023-02-27 11:00:00,71.21296194733358
2023-02-27 12:00:00,70.75481205101651
2023-02-27 13:00:00,66.46392953419402
2023-02-27 14:00:00,65.5345292135435
2023-02-27 15:00:00,64.67502286787754
2023-02-27 16:00:00,60.94395288579296
2023-02-27 17:00:00,61.52932739029229
2023-02-27 18:00:00,58.206878044641584
2023-02-27 19:00:00,59.19082549651208
2023-02-27 20:00:00,59.16052611526457
2023-02-27 21:00:00,63.87344842689349
2023-02-27 22:00:00,64.67233683871282
2023-02-27 23:00:00,65.22017299135138
2023-02-28 00:00:00,69.10397722820179
2023-02-28 01:00:00,73.43095636010771
2023-02-28 02:00:00,73.6393280468548
2023-02-28 03:00:00,73.84261884170779
2023-02-28 04:00:00,77.53844629264023
2023-02-28 05:00:00,74.25093836010268
2023-02-28 06:00:00,80.02238562831104
2023-02-28 07:00:00,77.22718005576436
2023-02-28 08:00:00,76.05175958420837
2023-02-28 09:00:00,77.06608016556591
2023-02-28 10:00:00,70.42086811712964
2023-02-28 11:00:00,74.53537663549928
2023-02-28 12:00:00,66.98867332886371
2023-02-28 13:00:00,64.20516627793226
2023-02-28 14:00:00,64.76770884548345
2023-02-28 15:00:00,61.95185664028812
2023-02-28 16:00:00,63.72306908916037
2023-02-28 17:00:00,57.26976682623688
2023-02-28 18:00:00,56.97663573196485
2023-02-28 19:00:00,54.46121070505031
2023-02-28 20:00:00,57.61214169777608
2023-02-28 21:00:00,58.2762299795677
2023-02-28 22:00:00,60.742465973788995
2023-02-28 23:00:00,60.409777177232186
2023-03-01 00:00:00,69.65063381537682
2023-03-01 01:00:00,65.92444360777263
2023-03-01 02:00:00,65.40229952504855
2023-03-01 03:00:00,70.53561427847526
2023-03-01 04:00:00,73.1263508043066
2023-03-01 05:00:00,72.86424536188905
2023-03-01 06:00:00,77.52921175124659
2023-03-01 07:00:00,74.54313794151307
2023-03-01 08:00:00,73.69623657753817
2023-03-01 09:00:00,73.10167372099285
2023-03-01 10:00:00,70.20567552188837
2023-03-01 11:00:00,69.00228101729893
2023-03-01 12:00:00,62.06104489272771
2023-03-01 13:00:00,60.4198173762343
2023-03-01 14:00:00,60.25828382420695
2023-03-01 15:00:00,51.61000088344954
2023-03-01 16:00:00,52.164165672640266
2023-03-01 17:00:00,54.74316816565464
2023-03-01 18:00:00,52.266897260228575
2023-03-01 19:00:00,55.2688616118161
2023-03-01 20:00:00,55.84433068380743
2023-03-01 21:00:00,53.25135111797662
2023-03-01 22:00:00,58.36660905310178
2023-03-01 23:00:00,62.205745138711094
2023-03-02 00:00:00,62.52545010771416
2023-03-02 01:00:00,62.706917555168154
2023-03-02 02:00:00,68.67877988382673
2023-03-02 03:00:00,70.11175648239679
2023-03-02 04:00:00,71.36887531452386
2023-03-02 05:00:00,72.57203512189716
2023-03-02 06:00:00,65.3533252702511
2023-03-02 07:00:00,72.62969632866202
2023-03-02 08:00:00,113.35565397014774
2023-03-02 09:00:00,68.89881085519131
2023-03-02 10:00:00,66.22019863385032
2023-03-02 11:00:00,64.70120918208082
2023-03-02 12:00:00,61.287293535030074
2023-03-02 13:00:00,59.22238317354269
2023-03-02 14:00:00,55.411748128910844
2023-03-02 15:00:00,51.71190148291931
2023-03-02 16:00:00,49.560973518804204
2023-03-02 17:00:00,48.49378131312255
2023-03-02 18:00:00,47.32907055858611
2023-03-02 19:00:00,48.21244643572122
2023-03-02 20:00:00,54.80790947377432
2023-03-02 21:00:00,54.32770686390518
2023-03-02 22:00:00,53.592081189699954
2023-03-02 23:00:00,56.43139502955843
2023-03-03 00:00:00,59.99047550090379
2023-03-03 01:00:00,61.01426802589005
2023-03-03 02:00:00,64.850879583223
2023-03-03 03:00:00,68.32771503820508
2023-03-03 04:00:00,68.28274958484212
2023-03-03 05:00:00,70.02478622427267
2023-03-03 06:00:00,71.47298307871924
2023-03-03 07:00:00,68.82849122691226
2023-03-03 08:00:00,68.96381625020722
2023-03-03 09:00:00,66.21375157663255
2023-03-03 10:00:00,64.73878812920552
2023-03-03 11:00:00,61.775897554692854
2023-03-03 12:00:00,58.82762073197865
2023-03-03 13:00:00,57.6996041235035
2023-03-03 14:00:00,56.13522660270573
2023-03-03 15:00:00,53.292124428594775
2023-03-03 16:00:00,52.48283113555846
2023-03-03 17:00:00,49.09206689727698
2023-03-03 18:00:00,47.907685276088344
2023-03-03 19:00:00,51.58425177552147
2023-03-03 20:00:00,53.225381725582935
2023-03-03 21:00:00,53.64502572519275
2023-03-03 22:00:00,58.42487768926946
2023-03-03 23:00:00,60.07421824611724
2023-03-04 00:00:00,66.33198426919785
2023-03-04 01:00:00,63.28671480730661
2023-03-04 02:00:00,64.23704304866014
2023-03-04 03:00:00,66.96526032445371
2023-03-04 04:00:00,69.04839473624047
2023-03-04 05:00:00,72.2798839733763
2023-03-04 06:00:00,67.50641386278382
2023-03-04 07:00:00,74.27725937120485
2023-03-04 08:00:00,70.3250605652416
2023-03-04 09:00:00,68.8873203137113
2023-03-04 10:00:00,65.32131366795001
2023-03-04 11:00:00,65.01339620675954
2023-03-04 12:00:00,62.85706083974728
2023-03-04 13:00:00,60.17845957217553
2023-03-04 14:00:00,58.87141339005288
2023-03-04 15:00:00,55.128272794456635
2023-03-04 16:00:00,53.11433856927944
2023-03-04 17:00:00,55.19330277259267
2023-03-04 18:00:00,54.14473023785002
2023-03-04 19:00:00,54.87554581168948
2023-03-04 20:00:00,57.79258914015867
2023-03-04 21:00:00,55.413981025096604
2023-03-04 22:00:00,78.01586861756614
2023-03-04 23:00:00,84.84929287925115
2023-03-05 00:00:00,62.15423328485192
2023-03-05 01:00:00,65.2863221297448
2023-03-05 02:00:00,72.14937413030212
2023-03-05 03:00:00,73.2572905764261
2023-03-05 04:00:00,74.7759296428438
2023-03-05 05:00:00,75.57549748250449
2023-03-05 06:00:00,76.35513976383672
2023-03-05 07:00:00,95.95912925901938
2023-03-05 08:00:00,78.04491531508775
2023-03-05 09:00:00,73.13616686414117
2023-03-05 10:00:00,71.72395804927642
2023-03-05 11:00:00,73.40654818307407
2023-03-05 12:00:00,67.46443809964747
2023-03-05 13:00:00,69.46218546939046
2023-03-05 14:00:00,62.55004059796209
2023-03-05 15:00:00,63.59392253563153
2023-03-05 16:00:00,56.12565817585437
2023-03-05 17:00:00,58.90713158660816
2023-03-05 18:00:00,55.24850188299179
2023-03-05 19:00:00,60.60108740670909
2023-03-05 20:00:00,57.63487401859217
2023-03-05 21:00:00,62.36200520283395
2023-03-05 22:00:00,63.440867605768254
2023-03-05 23:00:00,64.235261794334
2023-03-06 00:00:00,66.03043744654506
2023-03-06 01:00:00,70.95909842269833
2023-03-06 02:00:00,77.99245276337064
2023-03-06 03:00:00,76.10771869822814
2023-03-06 04:00:00,80.22482414099828
2023-03-06 05:00:00,79.37574949508935
2023-03-06 06:00:00,81.67829788689299
2023-03-06 07:00:00,76.01824678563153
2023-03-06 08:00:00,77.94824616736634
2023-03-06 09:00:00,79.13929551099375
2023-03-06 10:00:00,74.91135413126436
2023-03-06 11:00:00,72.71490901704846
2023-03-06 12:00:00,69.49371573713753
2023-03-06 13:00:00,70.11340068187549
2023-03-06 14:00:00,66.03918283903553
2023-03-06 15:00:00,63.495537789951435
2023-03-06 16:00:00,63.1318740387401
2023-03-06 17:00:00,62.04369511928718
2023-03-06 18:00:00,60.965174092875074
2023-03-06 19:00:00,63.98130825503299
2023-03-06 20:00:00,61.76518988078328
2023-03-06 21:00:00,64.02365533353662
2023-03-06 22:00:00,64.23824902441986
2023-03-06 23:00:00,68.2148723691535
2023-03-07 00:00:00,73.65016260839985
2023-03-07 01:00:00,71.74130437889308
2023-03-07 02:00:00,73.1306783776538
2023-03-07 03:00:00,79.41400374904694
2023-03-07 04:00:00,78.65709047659806
2023-03-07 05:00:00,80.08407795218011
2023-03-07 06:00:00,80.07461773212542
2023-03-07 07:00:00,79.9080786782728
2023-03-07 08:00:00,80.37144242381346
2023-03-07 09:00:00,75.31644042680836
2023-03-07 10:00:00,72.80764570336899
2023-03-07 11:00:00,72.49111562393396
2023-03-07 12:00:00,66.41627803344048
2023-03-07 13:00:00,64.1855610926182
2023-03-07 14:00:00,68.13862565581238
2023-03-07 15:00:00,63.729402754190076
2023-03-07 16:00:00,60.48049670727219
2023-03-07 17:00:00,61.8481926654168
2023-03-07 18:00:00,56.816250549123374
2023-03-07 19:00:00,58.4686364182051
2023-03-07 20:00:00,61.20325347132248
2023-03-07 21:00:00,63.180435933574
2023-03-07 22:00:00,64.34583369365555
2023-03-07 23:00:00,60.49567507496366
2023-03-08 00:00:00,66.07325446025864
2023-03-08 01:00:00,71.39178675733764
2023-03-08 02:00:00,71.97480213573836
2023-03-08 03:00:00,79.67292636315966
2023-03-08 04:00:00,77.8671465118331
2023-03-08 05:00:00,77.95951724964063
2023-03-08 06:00:00,74.77870556228814
2023-03-08 07:00:00,76.42822281949942
2023-03-08 08:00:00,75.80787329716317
2023-03-08 09:00:00,60.81645745263762
2023-03-08 10:00:00,73.07591266213139
2023-03-08 11:00:00,70.79112481144674
2023-03-08 12:00:00,64.11217596838
2023-03-08 13:00:00,66.01915697419042
2023-03-08 14:00:00,57.84548802745334
2023-03-08 15:00:00,57.287280684285676
2023-03-08 16:00:00,57.45607690116603
2023-03-08 17:00:00,55.12140051782847
2023-03-08 18:00:00,52.89532161437765
2023-03-08 19:00:00,53.43354686039044
2023-03-08 20:00:00,52.80946144440301
2023-03-08 21:00:00,58.39148615637307
2023-03-08 22:00:00,61.75443256825231
2023-03-08 23:00:00,61.281562420573344
2023-03-09 00:00:00,63.10988367438537
2023-03-09 01:00:00,63.39720145272692
2023-03-09 02:00:00,70.42640384850435
2023-03-09 03:00:00,74.94351609576779
2023-03-09 04:00:00,68.36874213879248
2023-03-09 05:00:00,70.69329145871396
2023-03-09 06:00:00,71.66336490561805
2023-03-09 07:00:00,71.4191853871351
2023-03-09 08:00:00,71.87408224927675
2023-03-09 09:00:00,72.9340330004932
2023-03-09 10:00:00,69.53193521457108
2023-03-09 11:00:00,66.04352660084658
2023-03-09 12:00:00,60.84298517954265
2023-03-09 13:00:00,57.359564182780545
2023-03-09 14:00:00,55.49525551580742
2023-03-09 15:00:00,58.02144479475059
2023-03-09 16:00:00,53.126132340317625
2023-03-09 17:00:00,51.27649226226103
2023-03-09 18:00:00,51.38764419998792
2023-03-09 19:00:00,53.67716689703636
2023-03-09 20:00:00,50.339677869835015
2023-03-09 21:00:00,57.32926380843753
2023-03-09 22:00:00,56.83508848496189
2023-03-09 23:00:00,58.459492460937994
2023-03-10 00:00:00,62.33105266658436
2023-03-10 01:00:00,64.44215223111864
2023-03-10 02:00:00,65.7074529559396
2023-03-10 03:00:00,67.94708541831605
2023-03-10 04:00:00,68.29650995820657
2023-03-10 05:00:00,72.3455362406673
2023-03-10 06:00:00,70.31601238117767
2023-03-10 07:00:00,69.14023789408412
2023-03-10 08:00:00,70.40596209724556
2023-03-10 09:00:00,71.17078932789038
2023-03-10 10:00:00,66.37915662131472
2023-03-10 11:00:00,62.889155570955396
2023-03-10 12:00:00,62.373152480762826
2023-03-10 13:00:00,82.90560534233455
2023-03-10 14:00:00,53.778324912205804
2023-03-10 15:00:00,55.443921112163274
2023-03-10 16:00:00,53.5755504693983
2023-03-10 17:00:00,54.57099806487767
2023-03-10 18:00:00,53.97697400785759
2023-03-10 19:00:00,52.05674654596671
2023-03-10 20:00:00,50.16058443238365
2023-03-10 21:00:00,56.83843872778563
2023-03-10 22:00:00,55.73842074803705
2023-03-10 23:00:00,58.04533982822707
2023-03-11 00:00:00,64.94754374904211
2023-03-11 01:00:00,63.54663108002063
2023-03-11 02:00:00,70.72043012105135
2023-03-11 03:00:00,55.79722334874337
2023-03-11 04:00:00,72.49762714916235
2023-03-11 05:00:00,73.62235076751125
2023-03-11 06:00:00,70.22570373922275
2023-03-11 07:00:00,69.76738010233002
2023-03-11 08:00:00,72.91475985510364
2023-03-11 09:00:00,72.19692214774163
2023-03-11 10:00:00,69.3252220643124
2023-03-11 11:00:00,65.27877827562085
2023-03-11 12:00:00,64.54842551217659
2023-03-11 13:00:00,61.93828112108511
2023-03-11 14:00:00,57.958978681617204
2023-03-11 15:00:00,60.01548118658302
2023-03-11 16:00:00,53.12541796700092
2023-03-11 17:00:00,56.95413132521172
2023-03-11 18:00:00,56.396042140640915
2023-03-11 19:00:00,58.18060741091817
2023-03-11 20:00:00,55.34391088657703
2023-03-11 21:00:00,59.34192410095441
2023-03-11 22:00:00,65.7486794307042
2023-03-11 23:00:00,65.33900215559257
2023-03-12 00:00:00,67.00116241745792
2023-03-12 01:00:00,70.66346897063524
2023-03-12 02:00:00,72.36600415269235
2023-03-12 03:00:00,78.84268621886169
2023-03-12 04:00:00,78.21273776030361
2023-03-12 05:00:00,77.26758639024426
2023-03-12 06:00:00,78.47726753255061
2023-03-12 07:00:00,77.04175749624126
2023-03-12 08:00:00,79.43373016271951
2023-03-12 09:00:00,72.80025357885928
2023-03-12 10:00:00,70.51722806211
2023-03-12 11:00:00,74.4150800719759
2023-03-12 12:00:00,73.39565828072897
2023-03-12 13:00:00,67.6147625057193
2023-03-12 14:00:00,64.66547588247147
2023-03-12 15:00:00,63.853627951320775
2023-03-12 16:00:00,59.82223919970821
2023-03-12 17:00:00,60.62232975528125
2023-03-12 18:00:00,60.1752664210061
2023-03-12 19:00:00,61.84530729499064
2023-03-12 20:00:00,58.62461259464342
2023-03-12 21:00:00,62.460396554536594
2023-03-12 22:00:00,67.37525056515081
2023-03-12 23:00:00,66.88048050944194
2023-03-13 00:00:00,68.96243466149389
2023-03-13 01:00:00,77.74532364951246
2023-03-13 02:00:00,76.26742987193877
2023-03-13 03:00:00,77.21685252812048
2023-03-13 04:00:00,76.68564018181836
2023-03-13 05:00:00,82.6285279229746
2023-03-13 06:00:00,83.00311664694947
2023-03-13 07:00:00,80.75455034110068
2023-03-13 08:00:00,78.23016239925123
2023-03-13 09:00:00,78.87138561612255
2023-03-13 10:00:00,75.24615189396746
2023-03-13 11:00:00,72.68363240472434
2023-03-13 12:00:00,71.8282140579857
2023-03-13 13:00:00,67.39186111782112
2023-03-13 14:00:00,67.61745204163053
2023-03-13 15:00:00,66.30347825641353
2023-03-13 16:00:00,61.84650005371514
2023-03-13 17:00:00,59.810755070374526
2023-03-13 18:00:00,65.34255919791161
2023-03-13 19:00:00,60.686704789136904
2023-03-13 20:00:00,62.245879537856844
2023-03-13 21:00:00,65.57352757246052
2023-03-13 22:00:00,68.40289287617023
2023-03-13 23:00:00,69.08200812776194
2023-03-14 00:00:00,73.07622821631163
2023-03-14 01:00:00,73.90584726667775
2023-03-14 02:00:00,75.13552269928192
2023-03-14 03:00:00,81.95311818498136
2023-03-14 04:00:00,85.61150600972766
2023-03-14 05:00:00,84.9640086082689
2023-03-14 06:00:00,82.128457617819
2023-03-14 07:00:00,85.0967059540451
2023-03-14 08:00:00,81.06178808821454
2023-03-14 09:00:00,77.72011626720044
2023-03-14 10:00:00,77.44395302034394
2023-03-14 11:00:00,73.81239433703618
2023-03-14 12:00:00,69.34292104484874
2023-03-14 13:00:00,66.81502422183802
2023-03-14 14:00:00,67.68936283663017
2023-03-14 15:00:00,60.201402130737925
2023-03-14 16:00:00,48.38888313189558
2023-03-14 17:00:00,57.79301158800304
2023-03-14 18:00:00,56.335096119488796
2023-03-14 19:00:00,57.102149457459824
2023-03-14 20:00:00,65.5698741963432
2023-03-14 21:00:00,62.68662464082413
2023-03-14 22:00:00,65.17316636033084
2023-03-14 23:00:00,70.096662782162
2023-03-15 00:00:00,71.55777819258724
2023-03-15 01:00:00,69.33464003381548
2023-03-15 02:00:00,76.1047178074695
2023-03-15 03:00:00,76.6408256510484
2023-03-15 04:00:00,77.01067371470714
2023-03-15 05:00:00,78.57193531667885
2023-03-15 06:00:00,81.25222871103762
2023-03-15 07:00:00,76.40688333462334
2023-03-15 08:00:00,77.8072367269335
2023-03-15 09:00:00,75.22157571931619
2023-03-15 10:00:00,69.3993212371409
2023-03-15 11:00:00,68.80064007894522
2023-03-15 12:00:00,68.0264271064674
2023-03-15 13:00:00,67.46953775577896
2023-03-15 14:00:00,49.28901156676133
2023-03-15 15:00:00,61.23353481642485
2023-03-15 16:00:00,56.64398330900183
2023-03-15 17:00:00,60.70361168291181
2023-03-15 18:00:00,57.01787626549765
2023-03-15 19:00:00,54.74391546823961
2023-03-15 20:00:00,57.2201601283872
2023-03-15 21:00:00,60.80003372907101
2023-03-15 22:00:00,60.92852987480433
2023-03-15 23:00:00,64.9360788005416
2023-03-16 00:00:00,67.79796921933651
2023-03-16 01:00:00,68.8229086788573
2023-03-16 02:00:00,68.5645947539062
2023-03-16 03:00:00,72.47181675566875
2023-03-16 04:00:00,73.73398545940394
2023-03-16 05:00:00,78.21885000272643
2023-03-16 06:00:00,71.44990711505267
2023-03-16 07:00:00,73.95817630431138
2023-03-16 08:00:00,71.93120325539995
2023-03-16 09:00:00,72.05574514632472
2023-03-16 10:00:00,64.31961192245215
2023-03-16 11:00:00,68.8981809542785
2023-03-16 12:00:00,63.99833956233091
2023-03-16 13:00:00,57.589418322885365
2023-03-16 14:00:00,58.04657985894029
2023-03-16 15:00:00,57.82323587530216
2023-03-16 16:00:00,51.74672319231737
2023-03-16 17:00:00,53.85660920247258
2023-03-16 18:00:00,51.32020836488485
2023-03-16 19:00:00,52.595960394001494
2023-03-16 20:00:00,54.69885398428387
2023-03-16 21:00:00,56.54641604375584
2023-03-16 22:00:00,57.26065097470384
2023-03-16 23:00:00,61.11777319658997
2023-03-17 00:00:00,64.76131565360049
2023-03-17 01:00:00,65.12752953465228
2023-03-17 02:00:00,70.93898138377294
2023-03-17 03:00:00,73.0569351039601
2023-03-17 04:00:00,70.85683092076682
2023-03-17 05:00:00,71.43707362600152
2023-03-17 06:00:00,69.73165402966765
2023-03-17 07:00:00,72.47961607566992
2023-03-17 08:00:00,71.02735949170639
2023-03-17 09:00:00,71.75060920266525
2023-03-17 10:00:00,65.13652265673777
2023-03-17 11:00:00,85.23057530137255
2023-03-17 12:00:00,65.18284922531318
2023-03-17 13:00:00,59.251466226413534
2023-03-17 14:00:00,56.83741289761408
2023-03-17 15:00:00,53.46563486708108
2023-03-17 16:00:00,60.08652491097108
2023-03-17 17:00:00,52.432984101628676
2023-03-17 18:00:00,51.07446199605123
2023-03-17 19:00:00,52.50246396152322
2023-03-17 20:00:00,53.66102878225981
2023-03-17 21:00:00,56.366531635090624
2023-03-17 22:00:00,60.739550592595045
2023-03-17 23:00:00,61.02217431214978
2023-03-18 00:00:00,62.48519595766619
2023-03-18 01:00:00,64.14565483891589
2023-03-18 02:00:00,69.63845535729061
2023-03-18 03:00:00,71.89061205399231
2023-03-18 04:00:00,76.60125505104743
2023-03-18 05:00:00,74.8727166774397
2023-03-18 06:00:00,74.98453436813817
2023-03-18 07:00:00,72.8988496618482
2023-03-18 08:00:00,73.55174859732948
2023-03-18 09:00:00,91.86395851321959
2023-03-18 10:00:00,70.0996716709726
2023-03-18 11:00:00,66.68333652437873
2023-03-18 12:00:00,67.26724051096456
2023-03-18 13:00:00,63.497458592357354
2023-03-18 14:00:00,61.15258791815804
2023-03-18 15:00:00,56.2394446462607
2023-03-18 16:00:00,59.25325826515082
2023-03-18 17:00:00,58.430677163557476
2023-03-18 18:00:00,55.629136524534
2023-03-18 19:00:00,59.82142646905313
2023-03-18 20:00:00,56.30501817110987
2023-03-18 21:00:00,60.77536999003982
2023-03-18 22:00:00,62.54393485228754
2023-03-18 23:00:00,63.06050399998158
2023-03-19 00:00:00,68.85940522416
2023-03-19 01:00:00,74.67028672689042
2023-03-19 02:00:00,74.00891892806597
2023-03-19 03:00:00,75.21484668416392
2023-03-19 04:00:00,78.8195136824966
2023-03-19 05:00:00,79.33025628963956
2023-03-19 06:00:00,79.70812893303257
2023-03-19 07:00:00,78.6522690628604
2023-03-19 08:00:00,81.53798102848384
2023-03-19 09:00:00,78.20518984860287
2023-03-19 10:00:00,74.349363803961
2023-03-19 11:00:00,72.961642899062
2023-03-19 12:00:00,69.28768528717966
2023-03-19 13:00:00,67.14157039017712
2023-03-19 14:00:00,64.83854855161961
2023-03-19 15:00:00,61.95046938326676
2023-03-19 16:00:00,64.35090018000963
2023-03-19 17:00:00,61.37775973843078
2023-03-19 18:00:00,62.8857041659472
2023-03-19 19:00:00,60.93192699804533
2023-03-19 20:00:00,63.29988466222554
2023-03-19 21:00:00,63.73238490048504
2023-03-19 22:00:00,68.80459570022379
2023-03-19 23:00:00,69.41482955129197
2023-03-20 00:00:00,71.16741024043738
2023-03-20 01:00:00,72.05777289223899
2023-03-20 02:00:00,78.42252697026153
2023-03-20 03:00:00,78.63791870333067
2023-03-20 04:00:00,81.71882262252458
2023-03-20 05:00:00,81.86637501438668
2023-03-20 06:00:00,85.19322350130962
2023-03-20 07:00:00,84.12035904695657
2023-03-20 08:00:00,83.00904695597507
2023-03-20 09:00:00,79.36824221676035
2023-03-20 10:00:00,79.53044411603108
2023-03-20 11:00:00,79.67748279982264
2023-03-20 12:00:00,72.050267492609
2023-03-20 13:00:00,71.51932019359961
2023-03-20 14:00:00,65.50572018229138
2023-03-20 15:00:00,69.56461742185182
2023-03-20 16:00:00,64.40994075087983
2023-03-20 17:00:00,65.79240302273526
2023-03-20 18:00:00,60.453543498567356
2023-03-20 19:00:00,67.84232403530311
2023-03-20 20:00:00,64.53202189201032
2023-03-20 21:00:00,67.91880788454078
2023-03-20 22:00:00,69.18579054379083
2023-03-20 23:00:00,70.76370034276569
2023-03-21 00:00:00,77.20622416622773
2023-03-21 01:00:00,73.09172716973818
2023-03-21 02:00:00,79.35529134891473
2023-03-21 03:00:00,82.60177580786724
2023-03-21 04:00:00,82.25491053779267
2023-03-21 05:00:00,83.01572797350738
2023-03-21 06:00:00,83.23946891536515
2023-03-21 07:00:00,80.65456238959293
2023-03-21 08:00:00,82.10663582495644
2023-03-21 09:00:00,81.38012385495169
2023-03-21 10:00:00,78.32839232654129
2023-03-21 11:00:00,75.13662714756839
2023-03-21 12:00:00,72.00970736759409
2023-03-21 13:00:00,54.73307482614531
2023-03-21 14:00:00,70.2807477941412
2023-03-21 15:00:00,61.40119613522619
2023-03-21 16:00:00,63.94075256410577
2023-03-21 17:00:00,62.07666895890709
2023-03-21 18:00:00,65.16906491296736
2023-03-21 19:00:00,62.570827115864425
2023-03-21 20:00:00,66.28619744987363
2023-03-21 21:00:00,60.51131253462009
2023-03-21 22:00:00,67.59916980966811
2023-03-21 23:00:00,69.49826841041546
2023-03-22 00:00:00,74.15048662973567
2023-03-22 01:00:00,70.51495335497786
2023-03-22 02:00:00,75.73663350559531
2023-03-22 03:00:00,78.0845836452143
2023-03-22 04:00:00,78.3824389208085
2023-03-22 05:00:00,82.63650891588917
2023-03-22 06:00:00,79.69524029889078
2023-03-22 07:00:00,83.92834138674756
2023-03-22 08:00:00,80.79382118660311
2023-03-22 09:00:00,78.82255758638962
2023-03-22 10:00:00,75.79224843071388
2023-03-22 11:00:00,69.95775524035574
2023-03-22 12:00:00,68.45780732497848
2023-03-22 13:00:00,67.7003563113076
2023-03-22 14:00:00,65.32146359924332
2023-03-22 15:00:00,64.3334774977805
2023-03-22 16:00:00,59.01965261202293
2023-03-22 17:00:00,57.06087693144542
2023-03-22 18:00:00,59.985603715789495
2023-03-22 19:00:00,56.81739335951648
2023-03-22 20:00:00,61.012593762241934
2023-03-22 21:00:00,63.08700923118876
2023-03-22 22:00:00,63.505600949822124
2023-03-22 23:00:00,64.12719136343888
2023-03-23 00:00:00,67.35274575669997
2023-03-23 01:00:00,70.88877914886638
2023-03-23 02:00:00,71.98037103742415
2023-03-23 03:00:00,78.27750010662977
2023-03-23 04:00:00,73.34231188627199
2023-03-23 05:00:00,74.1748201602836
2023-03-23 06:00:00,94.42876021723569
2023-03-23 07:00:00,74.72866136140965
2023-03-23 08:00:00,70.42152730859998
2023-03-23 09:00:00,71.80623305205238
2023-03-23 10:00:00,69.56817123699508
2023-03-23 11:00:00,68.5053598856463
2023-03-23 12:00:00,66.48644375407201
2023-03-23 13:00:00,60.478387977325916
2023-03-23 14:00:00,62.24891461394817
2023-03-23 15:00:00,61.88979565157421
2023-03-23 16:00:00,56.19304873704343
2023-03-23 17:00:00,58.67890724453741
2023-03-23 18:00:00,55.51313464929827
2023-03-23 19:00:00,59.36539429495021
2023-03-23 20:00:00,58.559944150310976
2023-03-23 21:00:00,54.731706266913164
2023-03-23 22:00:00,59.919390712392
2023-03-23 23:00:00,64.3608303673376
2023-03-24 00:00:00,64.86645360117213
2023-03-24 01:00:00,67.29159102316864
2023-03-24 02:00:00,72.29537536950296
2023-03-24 03:00:00,70.39279839810706
2023-03-24 04:00:00,73.42926627849492
2023-03-24 05:00:00,75.04000626816693
2023-03-24 06:00:00,74.07241807929289
2023-03-24 07:00:00,74.37249653119362
2023-03-24 08:00:00,74.98428157838683
2023-03-24 09:00:00,72.73818200539925
2023-03-24 10:00:00,68.2184108049153
2023-03-24 11:00:00,65.25711011326024
2023-03-24 12:00:00,63.347156078577584
2023-03-24 13:00:00,62.39467732910642
2023-03-24 14:00:00,59.72225639555521
2023-03-24 15:00:00,56.37560055015844
2023-03-24 16:00:00,55.32907631390162
2023-03-24 17:00:00,52.56785188737531
2023-03-24 18:00:00,56.19086306692255
2023-03-24 19:00:00,55.710127318883
2023-03-24 20:00:00,54.37004425642287
2023-03-24 21:00:00,58.64255220036867
2023-03-24 22:00:00,63.45405014944073
2023-03-24 23:00:00,61.81894894421093
2023-03-25 00:00:00,68.6411179191018
2023-03-25 01:00:00,68.08141689033108
2023-03-25 02:00:00,71.6703969765506
2023-03-25 03:00:00,73.68103551077711
2023-03-25 04:00:00,78.02243718100027
2023-03-25 05:00:00,76.68468890007115
2023-03-25 06:00:00,74.57874815229864
2023-03-25 07:00:00,74.05821659414076
2023-03-25 08:00:00,72.77781164066602
2023-03-25 09:00:00,70.99696710110035
2023-03-25 10:00:00,72.61227011791136
2023-03-25 11:00:00,68.36509834920678
2023-03-25 12:00:00,67.70895807852473
2023-03-25 13:00:00,64.05463135539519
2023-03-25 14:00:00,61.69172627675489
2023-03-25 15:00:00,60.38584619661324
2023-03-25 16:00:00,61.35314119938788
2023-03-25 17:00:00,60.99493680713409
2023-03-25 18:00:00,59.729740435516504
2023-03-25 19:00:00,57.5415386022005
2023-03-25 20:00:00,62.00179718218142
2023-03-25 21:00:00,63.876903140833846
2023-03-25 22:00:00,65.31564393929276
2023-03-25 23:00:00,66.16761270555497
2023-03-26 00:00:00,71.57771915073428
2023-03-26 01:00:00,73.79078357176016
2023-03-26 02:00:00,69.31993728473388
2023-03-26 03:00:00,79.1097942592041
2023-03-26 04:00:00,75.77798002700223
2023-03-26 05:00:00,82.12593945188802
2023-03-26 06:00:00,81.0244598729319
2023-03-26 07:00:00,83.57057684990168
2023-03-26 08:00:00,80.17770748748706
2023-03-26 09:00:00,77.19923460152908
2023-03-26 10:00:00,76.7919977926663
2023-03-26 11:00:00,76.97726316249145
2023-03-26 12:00:00,72.50191193131097
2023-03-26 13:00:00,69.80948237059535
2023-03-26 14:00:00,69.28710703101667
2023-03-26 15:00:00,66.31981130397084
2023-03-26 16:00:00,64.46449144080725
2023-03-26 17:00:00,66.37196280178348
2023-03-26 18:00:00,66.5676770734118
2023-03-26 19:00:00,65.17883124615732
2023-03-26 20:00:00,49.52869134803987
2023-03-26 21:00:00,69.82828808110892
2023-03-26 22:00:00,71.41149847381254
2023-03-26 23:00:00,73.02946249575862
2023-03-27 00:00:00,71.87700425084843
2023-03-27 01:00:00,77.30252315647446
2023-03-27 02:00:00,78.06384952217823
2023-03-27 03:00:00,81.41666430489818
2023-03-27 04:00:00,83.91049491536002
2023-03-27 05:00:00,84.73015404659499
2023-03-27 06:00:00,84.0144941278536
2023-03-27 07:00:00,87.25797704008038
2023-03-27 08:00:00,80.40236024740233
2023-03-27 09:00:00,83.74085152566653
2023-03-27 10:00:00,76.56289748574163
2023-03-27 11:00:00,78.6930158559175
2023-03-27 12:00:00,73.62083090834136
2023-03-27 13:00:00,74.61124943060629
2023-03-27 14:00:00,70.65705917914083
2023-03-27 15:00:00,68.94290599453439
2023-03-27 16:00:00,64.84920629692782
2023-03-27 17:00:00,64.59810499105615
2023-03-27 18:00:00,65.9944347868219
2023-03-27 19:00:00,67.09438511486992
2023-03-27 20:00:00,72.78395743158924
2023-03-27 21:00:00,68.9532098838077
2023-03-27 22:00:00,72.51622918186348
2023-03-27 23:00:00,69.8407740501227
2023-03-28 00:00:00,72.854855838241
2023-03-28 01:00:00,77.35683003325364
2023-03-28 02:00:00,78.04300863765357
2023-03-28 03:00:00,85.43328297034009
2023-03-28 04:00:00,83.17418539550475
2023-03-28 05:00:00,87.69643331902684
2023-03-28 06:00:00,88.17840928768335
2023-03-28 07:00:00,84.87539467018087
2023-03-28 08:00:00,84.71398056438186
2023-03-28 09:00:00,81.92248986132509
2023-03-28 10:00:00,80.94806787228906
2023-03-28 11:00:00,78.3278630534197
2023-03-28 12:00:00,74.4218581605561
2023-03-28 13:00:00,72.98160812762774
2023-03-28 14:00:00,72.89265191048366
2023-03-28 15:00:00,68.68049855348914
2023-03-28 16:00:00,66.19220887829147
2023-03-28 17:00:00,64.66171783558634
2023-03-28 18:00:00,61.912102761756486
2023-03-28 19:00:00,62.085248910825904
2023-03-28 20:00:00,65.64305931543424
2023-03-28 21:00:00,63.70031032261689
2023-03-28 22:00:00,66.82734480207282
2023-03-28 23:00:00,73.18117537106836
2023-03-29 00:00:00,76.87787808971342
2023-03-29 01:00:00,72.14573841902848
2023-03-29 02:00:00,80.98000424643513
2023-03-29 03:00:00,79.2095865399502
2023-03-29 04:00:00,81.02401973583618
2023-03-29 05:00:00,81.65653022711781
2023-03-29 06:00:00,84.21369292383255
2023-03-29 07:00:00,78.3234631406189
2023-03-29 08:00:00,81.27779259143553
2023-03-29 09:00:00,76.711149797606
2023-03-29 10:00:00,77.49522752669527
2023-03-29 11:00:00,76.85073909899295
2023-03-29 12:00:00,70.99916534717475
2023-03-29 13:00:00,68.98316374953478
2023-03-29 14:00:00,66.46545308854326
2023-03-29 15:00:00,61.79992280827702
2023-03-29 16:00:00,64.65781333104339
2023-03-29 17:00:00,63.87412019581672
2023-03-29 18:00:00,61.35096207445248
2023-03-29 19:00:00,100.26321737561199
2023-03-29 20:00:00,60.02218245939253
2023-03-29 21:00:00,61.11455643206052
2023-03-29 22:00:00,67.69496804326133
2023-03-29 23:00:00,69.35117951283412
2023-03-30 00:00:00,68.82325832683311
2023-03-30 01:00:00,68.22198625031764
2023-03-30 02:00:00,67.97597626018202
2023-03-30 03:00:00,73.39405410876023
2023-03-30 04:00:00,76.74241295553604
2023-03-30 05:00:00,80.66153540390918
2023-03-30 06:00:00,76.75923857259077
2023-03-30 07:00:00,78.59745211918109
2023-03-30 08:00:00,79.06575227228664
2023-03-30 09:00:00,75.00260653964484
2023-03-30 10:00:00,72.26984490327318
2023-03-30 11:00:00,67.41080480682074
2023-03-30 12:00:00,64.92589197125098
2023-03-30 13:00:00,65.4710199189731
2023-03-30 14:00:00,61.72699106201817
2023-03-30 15:00:00,60.21037382729971
2023-03-30 16:00:00,58.195063511840935
2023-03-30 17:00:00,58.53845286830357
2023-03-30 18:00:00,55.22578083762902
2023-03-30 19:00:00,56.396769170593096
2023-03-30 20:00:00,61.797741676200886
2023-03-30 21:00:00,57.93994325982115
2023-03-30 22:00:00,60.99898510946909
2023-03-30 23:00:00,62.75340701357231
2023-03-31 00:00:00,67.37492316390538
2023-03-31 01:00:00,71.0901427297429
2023-03-31 02:00:00,70.43942263170213
2023-03-31 03:00:00,72.6296780801899
2023-03-31 04:00:00,74.51627184133243
2023-03-31 05:00:00,77.1324223058986
2023-03-31 06:00:00,74.94120939497961
2023-03-31 07:00:00,75.34083480700616
2023-03-31 08:00:00,70.36984730891247
2023-03-31 09:00:00,70.78901674340929
2023-03-31 10:00:00,71.29095835683577
2023-03-31 11:00:00,70.941086431265
2023-03-31 12:00:00,67.19551200569461
2023-03-31 13:00:00,61.87464350419485
2023-03-31 14:00:00,58.921623554813415
2023-03-31 15:00:00,60.06887572238903
2023-03-31 16:00:00,54.89976993442891
2023-03-31 17:00:00,59.419784095193215
2023-03-31 18:00:00,57.16294804378826
2023-03-31 19:00:00,54.25552445111815
2023-03-31 20:00:00,56.63771122554968
2023-03-31 21:00:00,58.81668855353086
2023-03-31 22:00:00,60.90242110797314
2023-03-31 23:00:00,61.99895463369846
